:020000040800F2
:100000000000022021C50008FD80000805810008CD
:100010000D810008158100081D8100080000000006
:100020000000000000000000000000002581000822
:100030003381000800000000418100084F81000862
:1000400071C5000871C5000871C5000871C50008B8
:1000500071C5000871C5000871C5000871C50008A8
:1000600071C5000871C5000871C5000871C5000898
:100070005D81000871C5000871C5000871C50008E0
:1000800071C5000871C5000871C5000871C5000878
:100090007181000871C5000871C5000871C50008AC
:1000A00071C5000871C5000871C5000871C5000858
:1000B00071C5000871C5000871C5000871C5000848
:1000C00071C5000871C5000871C5000871C5000838
:1000D00071C5000871C5000871C500088581000858
:1000E00071C5000871C5000871C5000871C5000818
:1000F00071C5000871C5000871C5000871C5000808
:1001000071C5000871C5000871C5000871C50008F7
:1001100071C5000871C500089981000871C5000803
:1001200071C50008AD81000871C5000871C50008DF
:1001300071C5000871C5000871C5000871C50008C7
:1001400071C50008C181000871C5000871C50008AB
:1001500071C50008D5810008E9810008FD8100080B
:1001600071C5000871C5000871C5000871C5000897
:1001700071C5000871C5000871C5000800000000C5
:0801800071C5000871C50008FB
:1001880081F0004102E000BF83F0004330B54FEA40
:1001980041044FEA430594EA050F08BF90EA020FAD
:1001A8001FBF54EA000C55EA020C7FEA645C7FEA40
:1001B800655C00F0E2804FEA5454D4EB5555B8BF63
:1001C8006D420CDD2C4480EA020281EA030382EAD4
:1001D800000083EA010180EA020281EA0303362D66
:1001E80088BF30BD11F0004F4FEA01314FF4801C39
:1001F8004CEA113102D0404261EB410113F0004F4B
:100208004FEA03334CEA133302D0524263EB430301
:1002180094EA050F00F0A780A4F10104D5F1200E9F
:100228000DDB02FA0EFC22FA05F2801841F10001FA
:1002380003FA0EF2801843FA05F359410EE0A5F1CE
:1002480020050EF1200E012A03FA0EFC28BF4CF0FF
:10025800020C43FA05F3C01851EBE37101F00045B5
:1002680007D54FF0000EDCF1000C7EEB00006EEBC2
:100278000101B1F5801F1BD3B1F5001F0CD349084C
:100288005FEA30004FEA3C0C04F101044FEA4452A3
:1002980012F5800F80F09A80BCF1004F08BF5FEA2A
:1002A800500C50F1000041EB045141EA050130BD0A
:1002B8005FEA4C0C404141EB0101013C28BFB1F51C
:1002C800801FE9D291F0000F04BF01460020B1FA67
:1002D80081F308BF2033A3F10B03B3F120020CDA3A
:1002E8000C3208DD02F1140CC2F10C0201FA0CF018
:1002F80021FA02F10CE002F11402D8BFC2F1200C7D
:1003080001FA02F120FA0CFCDCBF41EA0C01904032
:10031800E41AA2BF01EB0451294330BD6FEA04047B
:100328001F3C1CDA0C340EDC04F11404C4F1200266
:1003380020FA04F001FA02F340EA030021FA04F378
:1003480045EA030130BDC4F10C04C4F1200220FACF
:1003580002F001FA04F340EA0300294630BD21FA0D
:1003680004F0294630BD94F0000F83F4801306BFD3
:1003780081F480110134013D4EE77FEA645C18BFC7
:100388007FEA655C29D094EA050F08BF90EA020F5E
:1003980005D054EA000C04BF1946104630BD91EA56
:1003A800030F1EBF0021002030BD5FEA545C05D159
:1003B8004000494128BF41F0004130BD14F5800498
:1003C8003CBF01F5801130BD01F0004545F0FE410C
:1003D80041F470014FF0000030BD7FEA645C1ABF41
:1003E800194610467FEA655C1CBF0B46024650EA78
:1003F800013406BF52EA033591EA030F41F40021A4
:1004080030BD00BF90F0000F04BF0021704730B529
:100418004FF4806404F132044FF000054FF00001FE
:1004280050E700BF90F0000F04BF0021704730B5BF
:100438004FF4806404F1320410F0004548BF404294
:100448004FF000013EE700BF42004FEAE2014FEAE9
:1004580031014FEA02701FBF12F07F4393F07F4FC4
:1004680081F06051704732F07F4208BF704793F0C7
:100478007F4F04BF41F40021704730B54FF46074DA
:1004880001F0004521F000411CE700BF50EA0102DD
:1004980008BF704730B54FF000050AE050EA010286
:1004A80008BF704730B511F0004502D5404261EBF6
:1004B80041014FF4806404F132045FEA915C3FF437
:1004C800D8AE4FF003025FEADC0C18BF03325FEAD4
:1004D800DC0C18BF033202EBDC02C2F1200300FA85
:1004E80003FC20FA02F001FA03FE40EA0E0021FAAA
:1004F80002F11444BDE600BF70B54FF0FF0C4CF498
:10050800E06C1CEA11541DBF1CEA135594EA0C0F49
:1005180095EA0C0F00F0DEF82C4481EA030621EA84
:100528004C5123EA4C5350EA013518BF52EA0335BF
:1005380041F4801143F4801338D0A0FB02CE4FF071
:100548000005E1FB02E506F00042E0FB03E54FF0A1
:100558000006E1FB03569CF0000F18BF4EF0010E99
:10056800A4F1FF04B6F5007F64F5407404D25FEA95
:100578004E0E6D4146EB060642EAC62141EA555148
:100588004FEAC52040EA5E504FEACE2EB4F1FD0C8A
:1005980088BFBCF5E06F1ED8BEF1004F08BF5FEA08
:1005A800500E50F1000041EB045170BD06F00046BA
:1005B80046EA010140EA020081EA0301B4EB5C0467
:1005C800C2BFD4EB0C0541EA045170BD41F480115F
:1005D8004FF0000E013C00F3AB8014F1360FDEBF84
:1005E800002001F0004170BDC4F10004203C35DA60
:1005F8000C341BDC04F11404C4F1200500FA05F3E3
:1006080020FA04F001FA05F240EA020001F0004283
:1006180021F0004110EBD37021FA04F642EB0601F9
:100628005EEA430E08BF20EAD37070BDC4F10C0423
:10063800C4F1200500FA04F320FA05F001FA04F2E7
:1006480040EA020001F0004110EBD37041F10001D3
:100658005EEA430E08BF20EAD37070BDC4F12005DE
:1006680000FA05F24EEA020E20FA04F301FA05F246
:1006780043EA020321FA04F001F0004121FA04F2EE
:1006880020EA020000EBD3705EEA430E08BF20EABE
:10069800D37070BD94F0000F0FD101F000464000F8
:1006A80041EB010111F4801F08BF013CF7D041EA7A
:1006B800060195F0000F18BF704703F0004652007E
:1006C80043EB030313F4801F08BF013DF7D043EA4F
:1006D8000603704794EA0C0F0CEA135518BF95EA05
:1006E8000C0F0CD050EA410618BF52EA4306D1D18C
:1006F80081EA030101F000414FF0000070BD50EAAB
:10070800410606BF1046194652EA430619D094EA34
:100718000C0F02D150EA013613D195EA0C0F05D11E
:1007280052EA03361CBF104619460AD181EA030172
:1007380001F0004141F0FE4141F470014FF000002A
:1007480070BD41F0FE4141F4780170BD70B54FF0C5
:10075800FF0C4CF4E06C1CEA11541DBF1CEA135545
:1007680094EA0C0F95EA0C0F00F0A7F8A4EB050427
:1007780081EA030E52EA03354FEA013100F088801E
:100788004FEA03334FF0805545EA131343EA1263E7
:100798004FEA022245EA111545EA10654FEA00269C
:1007A8000EF000419D4208BF964244F1FD0404F555
:1007B800407402D25B084FEA3202B61A65EB0305B1
:1007C8005B084FEA32024FF480104FF4002CB6EB6E
:1007D800020E75EB030E22BFB61A754640EA0C00EE
:1007E8005B084FEA3202B6EB020E75EB030E22BF2E
:1007F800B61A754640EA5C005B084FEA3202B6EB6F
:10080800020E75EB030E22BFB61A754640EA9C002D
:100818005B084FEA3202B6EB020E75EB030E22BFFD
:10082800B61A754640EADC0055EA060E18D04FEABB
:10083800051545EA16754FEA06164FEAC30343EA5B
:1008480052734FEAC2025FEA1C1CC0D111F4801F28
:100858000BD141EA00014FF000004FF0004CB6E721
:1008680011F4801F04BF01430020B4F1FD0C88BFC0
:10087800BCF5E06F3FF6AFAEB5EB030C04BFB6EBCB
:10088800020C5FEA500C50F1000041EB045170BDBE
:100898000EF0004E4EEA113114EB5C04C2BFD4EBEB
:1008A8000C0541EA045170BD41F480114FF0000E6F
:1008B800013C90E645EA060E8DE60CEA135594EAEB
:1008C8000C0F08BF95EA0C0F3FF43BAF94EA0C0FEE
:1008D8000AD150EA01347FF434AF95EA0C0F7FF463
:1008E80025AF104619462CE795EA0C0F06D152EAB7
:1008F80003353FF4FDAE1046194622E750EA41069B
:1009080018BF52EA43067FF4C5AE50EA41047FF4AB
:100918000DAF52EA43057FF4EBAE12E74FF0FF3C10
:1009280006E000BF4FF0010C02E000BF4FF0010CE1
:100938004DF804CD4FEA410C7FEA6C5C4FEA430C5A
:1009480018BF7FEA6C5C1BD001B050EA410C0CBFA9
:1009580052EA430C91EA030F02BF90EA020F00200B
:10096800704710F1000F91EA030F58BF994208BF72
:1009780090422CBFD8176FEAE37040F0010070472F
:100988004FEA410C7FEA6C5C02D150EA013C07D186
:100998004FEA430C7FEA6C5CD6D152EA033CD3D0D1
:1009A8005DF8040B704700BF8446104662468C46CB
:1009B8001946634600E000BF01B5FFF7B7FF0028FE
:1009C80048BF10F1000F01BD4DF808EDFFF7F4FF27
:1009D8000CBF012000205DF808FB00BF4DF808EDB2
:1009E800FFF7EAFF34BF012000205DF808FB00BFD5
:1009F8004DF808EDFFF7E0FF94BF012000205DF8F7
:100A080008FB00BF4DF808EDFFF7CEFF94BF0120AB
:100A180000205DF808FB00BF4DF808EDFFF7C4FFA4
:100A280034BF012000205DF808FB00BF4FEA4102F7
:100A3800B2F1E04324BFB3F5001CDCF1FE5C0DD934
:100A480001F0004C4FEAC0024CEA5070B2F1004F7E
:100A580040EB830008BF20F00100704711F0804F81
:100A680021D113F13872BCBF01F00040704741F446
:100A780080114FEA5252C2F11802C2F1200C10FA4A
:100A88000CF320FA02F018BF40F001004FEAC1232E
:100A98004FEAD32303FA0CFC40EA0C0023FA02F3D2
:100AA8004FEA4303CCE77FEA625307D150EA0133A8
:100AB8001EBF4FF0FE4040F44000704701F0004078
:100AC80040F0FE4040F40000704700BF53B94AB9F7
:100AD800002908BF00281CBF4FF0FF314FF0FF303E
:100AE80000F00CB8ADF1080C6DE904CE0CF0E0FC98
:100AF800DDF804E0DDE9022304B07047704700BF69
:100B08000348044B834202D0034B03B11847704794
:100B18007000002070000020000000000548064B0F
:100B28001B1AD90F01EBA301491002D0034B03B1E3
:100B38001847704770000020700000200000000077
:100B480010B5064C237843B9FFF7DAFF044B13B10D
:100B58000448AFF300800123237010BD700000200B
:100B680000000000DCDA000808B5054B1BB1054998
:100B78000548AFF30080BDE80840FFF7CFBF00BFCE
:100B88000000000074000020DCDA000880B400AF28
:100B9800064BD3F88830054A43F47003C2F888300E
:100BA80000BFBD465DF8047B704700BF00ED00E064
:100BB80080B584B000AF78607B68002B01D1012339
:100BC8000FE27B681B68914A934209D07B681B68D7
:100BD8008F4A934204D04FF48F718E4807F0B8F9CA
:100BE8007B681B7E002B08D07B681B7E012B04D002
:100BF80040F21F11874807F0ABF97B685B7E002B3A
:100C080008D07B685B7E012B04D04FF4907181483B
:100C180007F09EF97B689B7E002B08D07B689B7E43
:100C2800012B04D040F221117A4807F091F97B6832
:100C3800DB7E002B08D07B68DB7E012B04D04FF4D1
:100C48009171744807F084F97B681B7F002B08D0EA
:100C58007B681B7F012B04D040F223116D4807F0FD
:100C680077F97B685B7F002B08D07B685B7F012B63
:100C780004D04FF49271674807F06AF97B689B6863
:100C8800002B13D07B689B68B3F1804F0ED07B6834
:100C98009B68B3F1004F09D07B689B68B3F1404F64
:100CA80004D040F225115B4807F052F97B68DB68F5
:100CB800002B13D07B68DB68B3F1807F0ED07B6894
:100CC800DB68B3F1007F09D07B68DB68B3F1407F54
:100CD80004D04FF493714F4807F03AF97B681B69C9
:100CE800002B4FD07B681B69B3F5803F4AD07B68E7
:100CF8001B69B3F5003F45D07B681B69B3F5403FDE
:100D080040D07B681B69B3F5802F3BD07B681B699B
:100D1800B3F5A02F36D07B681B69B3F5C02F31D04F
:100D28007B681B69B3F5E02F2CD07B681B69B3F592
:100D3800002F27D07B681B69B3F5102F22D07B6862
:100D48001B69B3F5202F1DD07B681B69B3F5302FC5
:100D580018D07B681B69B3F5402F13D07B681B69DB
:100D6800B3F5502F0ED07B681B69B3F5602F09D0FF
:100D78007B681B69B3F5702F04D040F22711254812
:100D880007F0E6F87B685B69002B27D07B685B6916
:100D9800B3F5801F22D07B685B69B3F5001F1DD0B7
:100DA8007B685B69B3F5401F18D07B685B69B3F556
:100DB800800F13D07B685B69B3F5A00F0ED07B68FA
:100DC8005B69B3F5C00F09D07B685B69B3F5E00FC9
:100DD80004D04FF494710F4807F0BAF87B685B6849
:100DE800002B04D07B685B68B3F5806F04D940F2B0
:100DF8002911084807F0ACF87B6893F82030DBB27B
:100E0800002B09D1786806F099FD05E000640040E0
:100E180000680040F4DA00087B681B681A687B6881
:100E28001B6842F001021A6002F0F2FEF86012E05C
:100E380002F0EEFE0246FB68D31A0A2B0BD97B6838
:100E48005B6A43F400327B685A627B68052283F848
:100E580020200123C5E07B681B685B6803F0010361
:100E6800002BE5D07B681B681A687B681B6822F03A
:100E780002021A6002F0CCFEF86012E002F0C8FE2E
:100E88000246FB68D31A0A2B0BD97B685B6A43F4CA
:100E980000327B685A627B68052283F82020012390
:100EA8009FE07B681B685B6803F00203002BE5D1B9
:100EB8007B681B7E012B08D17B681B681A687B68DE
:100EC8001B6842F080021A6007E07B681B681A689A
:100ED8007B681B6822F080021A607B685B7E012BAE
:100EE80008D17B681B681A687B681B6842F040025F
:100EF8001A6007E07B681B681A687B681B6822F029
:100F080040021A607B689B7E012B08D17B681B68B6
:100F18001A687B681B6842F020021A6007E07B6849
:100F28001B681A687B681B6822F020021A607B68BD
:100F3800DB7E012B08D17B681B681A687B681B68FD
:100F480022F010021A6007E07B681B681A687B6849
:100F58001B6842F010021A607B681B7F012B08D1C6
:100F68007B681B681A687B681B6842F008021A6075
:100F780007E07B681B681A687B681B6822F0080218
:100F88001A607B685B7F012B08D17B681B681A6835
:100F98007B681B6842F004021A6007E07B681B68E4
:100FA8001A687B681B6822F004021A607B689A68DA
:100FB8007B68DB681A437B681B691A437B685B693B
:100FC80042EA03017B685B685A1E7B681B680A4318
:100FD800DA617B6800225A627B68012283F820204C
:100FE800002318461037BD4680BD00BF80B586B0C7
:100FF80000AF786039607B6893F82030FB75FB7D23
:10100800012B03D0FB7D022B40F02C813B681B6831
:10101800B3F5803F04D340F25231984806F098FF68
:101028003B685B68B3F5803F04D340F25331934883
:1010380006F08EFF3B689B68B3F5803F04D34FF4FE
:1010480055718E4806F084FF3B68DB68B3F5803F36
:1010580004D340F25531894806F07AFF3B689B6912
:10106800002B08D03B689B69012B04D040F2563115
:10107800824806F06DFF3B68DB69002B08D03B68AF
:10108800DB69012B04D040F257317C4806F060FF41
:101098003B681B69002B08D03B681B69012B04D0F7
:1010A8004FF45671754806F053FF3B681B6A002BD6
:1010B80008D03B681B6A012B04D040F259316F48B5
:1010C80006F046FF6E4B3B613B685B691B2B04D9FE
:1010D80040F27531694806F03BFF3B685B6A1B2BA1
:1010E80004D940F27631654806F032FF3B69D3F8FF
:1010F800003243F001023B69C3F800223B69D3F890
:10110800003223F47C523B69C3F800223B69D3F8D0
:1011180000223B685B6A1B021A433B69C3F8002242
:101128003B685B6903F01F03012202FA03F3FB60CB
:101138003B69D3F81C22FB68DB431A403B69C3F8C0
:101148001C223B68DB69002B23D13B69D3F80C22B6
:10115800FB68DB431A403B69C3F80C223B68DB6839
:1011680019043B685B689BB23A68526919433B694A
:10117800483243F832103B689B6819043B681B6887
:101188009AB23B685B690A4339694833DB000B4410
:101198005A603B68DB69012B22D13B69D3F80C22EA
:1011A800FB681A433B69C3F80C223B681B681904A7
:1011B8003B685B689BB23A68526919433B6948329D
:1011C80043F832103B689B6819043B68DB689AB2A5
:1011D8003B685B690A4339694833DB000B445A6052
:1011E8003B689B69002B09D13B69D3F80422FB6853
:1011F800DB431A403B69C3F8042207E03B69D3F894
:101208000422FB681A433B69C3F804223B681B6944
:10121800002B09D13B69D3F81422FB68DB431A4041
:101228003B69C3F8142207E03B69D3F81422FB6832
:101238001A433B69C3F814223B681B6A012B07D188
:101248003B69D3F81C22FB681A433B69C3F81C228C
:101258003B69D3F8003223F001023B69C3F800224E
:10126800002306E07B685B6A43F480227B685A624D
:10127800012318461837BD4680BD00BFF4DA0008C0
:101288000064004080B584B000AF78607B6893F854
:101298002030DBB2012B2ED17B68022283F820207C
:1012A8007B681B681A687B681B6822F001021A6059
:1012B80002F0AEFCF86012E002F0AAFC0246FB68FD
:1012C800D31A0A2B0BD97B685B6A43F400327B681C
:1012D8005A627B68052283F82020012312E07B688C
:1012E8001B685B6803F00103002BE5D17B680022D3
:1012F8005A62002306E07B685B6A43F400227B683D
:101308005A62012318461037BD4680BD80B588B0A3
:1013180000AFF860B9607A603B60FB6893F82030F2
:10132800FB77FB681B689B68BB61BB689B68002BED
:1013380008D0BB689B68042B04D040F2EC417F487E
:1013480006F006FEBB68DB68002B08D0BB68DB68CC
:10135800022B04D040F2ED41784806F0F9FDBB6855
:101368001B69082B04D940F2EE41744806F0F0FDE1
:10137800BB689B68002B0AD1BB681B68B3F5006F7C
:101388000FD340F2F1416D4806F0E2FD09E0BB6879
:101398005B68B3F1005F04D340F2F541674806F09B
:1013A800D7FDBB681B7D002B08D0BB681B7D012BBC
:1013B80004D040F2F741614806F0CAFDFB7F012BDB
:1013C80003D0FB7F022B40F0AD80BB6903F0806344
:1013D800002B0AD1BB6903F00063002B05D1BB6960
:1013E80003F08053002B00F09580BB691B0E03F0BF
:1013F80003037B6101227B699A403B681A60BB68E2
:101408009B68002B0DD1BB681B685A05BB68DB685D
:10141800F96809681A437B6918331B010B441A6081
:101428000FE0BB685B68DA00BB689B681A43BB685F
:10143800DB68F96809681A437B6918331B010B4498
:101448001A60FB681968BB681A697B6918331B0145
:101458000B4404331A60BB681B7D012B11D1FB6858
:101468001A687B6918331B01134404331B68FA6834
:10147800116843F480727B6918331B010B440433F1
:101488001A607B6807331B781A067B6806331B785B
:101498001B041A437B6805331B781B0213437A68C5
:1014A800043212781046FA68116843EA00027B6930
:1014B8001B010B4403F5C6731A607B6803331B7862
:1014C8001A067B6802331B781B041A437B680133B6
:1014D8001B781B0213437A6812781046FA68116861
:1014E80043EA00027B691B010B4403F5C4731A60CD
:1014F800FB681A687B6918331B0113441B68FA6878
:10150800116843F001027B6918331B010B441A6010
:1015180000230EE0FB685B6A43F40012FB685A6222
:10152800012306E0FB685B6A43F48022FB685A6289
:10153800012318462037BD4680BD00BFF4DA0008F5
:1015480080B586B000AFF860B9607A603B60FB6830
:1015580093F82030FB75BB68002B07D0BB68012BC4
:1015680004D040F2EB518C4806F0F2FCFB7D012BD5
:1015780003D0FB7D022B40F00381BB68002B0ED10A
:10158800FB681B68DB6803F00303002B16D1FB68BC
:101598005B6A43F40012FB685A620123F7E0FB68B8
:1015A8001B681B6903F00303002B07D1FB685B6A08
:1015B80043F40012FB685A620123E8E0FB681A68EA
:1015C800BB681B331B0113441B6803F004027B68D0
:1015D8009A607B689B68002B0CD1FB681A68BB6813
:1015E8001B331B0113441B685B0DC3F30A027B68A2
:1015F8001A600BE0FB681A68BB681B331B011344B5
:101608001B68DB0823F060427B685A60FB681A6835
:10161800BB681B331B0113441B6803F002027B6881
:10162800DA60FB681A68BB681B331B011344043378
:101638001B6803F00803002B03D07B6808221A619B
:101648000BE0FB681A68BB681B331B0113440433A7
:101658001B6803F00F027B681A61FB681A68BB6895
:101668001B331B01134404331B681B0ADAB27B6863
:101678009A61FB681A68BB681B331B011344043367
:101688001B681B0C9AB27B685A61FB681A68BB68B6
:101698001B01134403F5DC731B68DAB23B681A704C
:1016A800FB681A68BB681B01134403F5DC731B68ED
:1016B8001A0A3B680133D2B21A70FB681A68BB6811
:1016C8001B01134403F5DC731B681A0C3B680233D7
:1016D800D2B21A70FB681A68BB681B01134403F581
:1016E800DC731B681A0E3B680333D2B21A70FB68AE
:1016F8001A68BB681B01134403F5DE731A683B685C
:101708000433D2B21A70FB681A68BB681B01134411
:1017180003F5DE731B681A0A3B680533D2B21A70E8
:10172800FB681A68BB681B01134403F5DE731B686A
:101738001A0C3B680633D2B21A70FB681A68BB6889
:101748001B01134403F5DE731B681A0E3B6807334D
:10175800D2B21A70BB68002B08D1FB681B68DA6824
:10176800FB681B6842F02002DA6007E0FB681B6830
:101778001A69FB681B6842F020021A61002306E020
:10178800FB685B6A43F48022FB685A6201231846AF
:101798001837BD4680BD00BFF4DA000880B584B0B4
:1017A80000AF786039607B6893F82030FB733B6842
:1017B800114A934204D940F28461104806F0C8FBEC
:1017C800FB7B012B02D0FB7B022B09D17B681B68BA
:1017D80059697B681B683A680A435A61002306E026
:1017E8007B685B6A43F480227B685A62012318464F
:1017F8001037BD4680BD00BF7F8F0300F4DA0008B4
:1018080080B58AB000AF786000237B627B681B6874
:101818005B693B627B681B685B68FB617B681B6874
:101828009B68BB617B681B68DB687B617B681B68A6
:101838001B693B617B681B689B69FB603B6A03F023
:101848000103002B7CD0BB6903F00103002B23D0DC
:101858007B681B6801229A60BB6903F00203002BB6
:1018680003D0786800F083F916E0BB6903F004033D
:10187800002B04D07B6A43F400637B620CE0BB69F5
:1018880003F00803002B04D07B6A43F480537B6287
:1018980002E0786800F089F9BB6903F48073002BD3
:1018A80024D07B681B684FF480729A60BB6903F48C
:1018B8000073002B03D0786800F063F916E0BB6969
:1018C80003F48063002B04D07B6A43F400537B62EB
:1018D8000CE0BB6903F40063002B04D07B6A43F47B
:1018E80080437B6202E0786800F069F9BB6903F421
:1018F8008033002B24D07B681B684FF480329A60B9
:10190800BB6903F40033002B03D0786800F043F977
:1019180016E0BB6903F48023002B04D07B6A43F4F0
:1019280000437B620CE0BB6903F40023002B04D066
:101938007B6A43F480337B6202E0786800F049F9FF
:101948003B6A03F00803002B0CD07B6903F01003FB
:10195800002B07D07B6A43F400737B627B681B68AB
:101968001022DA603B6A03F00403002B0BD07B697A
:1019780003F00803002B06D07B681B680822DA6096
:10198800786800F030F93B6A03F00203002B09D0B5
:101998007B681B68DB6803F00303002B02D07868C0
:1019A8000AF01AFA3B6A03F04003002B0CD03B699B
:1019B80003F01003002B07D07B6A43F480637B623B
:1019C8007B681B6810221A613B6A03F02003002B16
:1019D8000BD03B6903F00803002B06D07B681B681B
:1019E80008221A61786800F008F93B6A03F01003CE
:1019F800002B09D07B681B681B6903F00303002BCD
:101A080002D078680AF09CFA3B6A03F40033002B92
:101A18000BD0FB6903F01003002B06D07B681B6812
:101A280010225A60786800F0F2F83B6A03F48033B9
:101A3800002B0BD0FB6903F00803002B06D07B6852
:101A48001B6808225A60786800F0EBF83B6A03F4D8
:101A58000043002B7BD0FB6903F00403002B72D0FA
:101A68003B6A03F48073002B08D0FB6803F0010382
:101A7800002B03D07B6A43F001037B623B6A03F4CB
:101A88000073002B08D0FB6803F00203002B03D07F
:101A98007B6A43F002037B623B6A03F48063002B9A
:101AA80008D0FB6803F00403002B03D07B6A43F0E3
:101AB80004037B623B6A03F40063002B43D0FB689A
:101AC80003F07003002B3ED0FB6803F07003602B1B
:101AD8002BD0602B2ED8502B22D0502B2AD8402B1D
:101AE80019D0402B26D8302B10D0302B22D8102BD1
:101AF80002D0202B05D01DE07B6A43F008037B62EF
:101B080019E07B6A43F010037B6214E07B6A43F0C0
:101B180020037B620FE07B6A43F040037B620AE0AC
:101B28007B6A43F080037B6205E07B6A43F4807341
:101B38007B6200E000BF7B681B689A697B681B6852
:101B480022F070029A617B681B6804225A607B6AE3
:101B5800002B08D07B685A6A7B6A1A437B685A62F2
:101B6800786800F068F800BF2837BD4680BD80B4AB
:101B780083B000AF786000BF0C37BD465DF8047BCA
:101B8800704780B483B000AF786000BF0C37BD46A3
:101B98005DF8047B704780B483B000AF786000BF05
:101BA8000C37BD465DF8047B704780B483B000AF46
:101BB800786000BF0C37BD465DF8047B704780B481
:101BC80083B000AF786000BF0C37BD465DF8047B7A
:101BD800704780B483B000AF786000BF0C37BD4653
:101BE8005DF8047B704780B483B000AF786000BFB5
:101BF8000C37BD465DF8047B704780B483B000AFF6
:101C0800786000BF0C37BD465DF8047B704780B430
:101C180083B000AF786000BF0C37BD465DF8047B29
:101C2800704780B483B000AF786000BF0C37BD4602
:101C38005DF8047B704780B483B000AF786000BF64
:101C48000C37BD465DF8047B7047000080B586B050
:101C580000AF78607B68002B01D1012318E37B6813
:101C68001B680F2B03D9E621974806F071F97B68AA
:101C78001B6803F00103002B00F088807B685B6819
:101C8800002B0DD07B685B68B3F5803F08D07B687C
:101C98005B68B3F5A02F03D0EB218B4806F058F909
:101CA8008A4B9B6803F00C03042B0CD0874B9B6872
:101CB80003F00C03082B12D1844B5B6803F48003F8
:101CC800B3F5800F0BD1814B1B6803F40033002B55
:101CD8005BD07B685B68002B57D10123D8E27B6817
:101CE8005B68B3F5803F06D1784B1B68774A43F4AD
:101CF800803313601DE07B685B68B3F5A02F0CD1BF
:101D0800724B1B68714A43F4802313606F4B1B6846
:101D18006E4A43F4803313600BE06C4B1B686B4ACC
:101D280023F480331360694B1B68684A23F48023CB
:101D380013607B685B68002B13D001F069FF386182
:101D480008E001F065FF02463B69D31A642B01D90C
:101D580003239DE25D4B1B6803F40033002BF0D096
:101D680014E001F055FF386108E001F051FF024628
:101D78003B69D31A642B01D9032389E2534B1B68AF
:101D880003F40033002BF0D100E000BF7B681B6830
:101D980003F00203002B79D07B68DB68002B08D0A6
:101DA8007B68DB68012B04D040F21D11464806F021
:101DB800CFF87B681B691F2B04D94FF48F714248F9
:101DC80006F0C6F8414B9B6803F00C03002B0BD0C0
:101DD8003E4B9B6803F00C03082B1CD13B4B5B6804
:101DE80003F48003002B16D1384B1B6803F0020361
:101DF800002B05D07B68DB68012B01D0012347E26B
:101E0800324B1B6823F0F8027B681B69DB002F4903
:101E180013430B603AE07B68DB68002B20D02C4B27
:101E280001221A6001F0F4FE386108E001F0F0FECA
:101E380002463B69D31A022B01D9032328E2234B1C
:101E48001B6803F00203002BF0D0204B1B6823F023
:101E5800F8027B681B69DB001C4913430B6015E023
:101E68001B4B00221A6001F0D3FE386108E001F034
:101E7800CFFE02463B69D31A022B01D9032307E29E
:101E8800124B1B6803F00203002BF0D17B681B6820
:101E980003F00803002B45D07B685B69002B08D052
:101EA8007B685B69012B04D04FF4AF71064806F0DC
:101EB8004FF87B685B69002B1ED0064B01221A6025
:101EC80001F0A6FE386110E040DB0008003802404F
:101ED80000004742800E474201F09AFE02463B69E5
:101EE800D31A022B01D90323D2E15E4B5B6F03F0B7
:101EF8000203002BF0D015E05B4B00221A6001F0C2
:101F080087FE386108E001F083FE02463B69D31A78
:101F1800022B01D90323BBE1524B5B6F03F0020391
:101F2800002BF0D17B681B6803F00403002B00F042
:101F3800B0800023FB757B689B68002B0CD07B6806
:101F48009B68012B08D07B689B68052B04D04FF455
:101F5800C571464805F0FCFF424B1B6C03F08053EB
:101F6800002B0FD10023BB603E4B1B6C3D4A43F056
:101F7800805313643B4B1B6C03F08053BB60BB68FE
:101F88000123FB753A4B1B6803F48073002B18D1AF
:101F9800374B1B68364A43F48073136001F038FEF0
:101FA800386108E001F034FE02463B69D31A022B7F
:101FB80001D903236CE12E4B1B6803F48073002BBB
:101FC800F0D07B689B68012B06D1264B1B6F254AF6
:101FD80043F0010313671CE07B689B68052B0CD159
:101FE800204B1B6F1F4A43F0040313671D4B1B6FE5
:101FF8001C4A43F0010313670BE01A4B1B6F194A85
:1020080023F001031367174B1B6F164A23F00403D1
:1020180013677B689B68002B15D001F0F9FD3861C8
:102028000AE001F0F5FD02463B69D31A41F2883215
:10203800934201D903232BE10A4B1B6F03F00203E0
:10204800002BEED01CE001F0E3FD386112E001F056
:10205800DFFD02463B69D31A41F28832934209D91F
:10206800032315E100380240800E474240DB000898
:1020780000700040884B1B6F03F00203002BE6D171
:10208800FB7D012B05D1844B1B6C834A23F08053C5
:1020980013647B689B69002B0CD07B689B69012BC0
:1020A80008D07B689B69022B04D040F2CD117B4895
:1020B80005F04EFF7B689B69002B00F0E880764BAB
:1020C8009B6803F00C03082B00F0A9807B689B69D0
:1020D800022B40F08D807B68DB69002B09D07B6880
:1020E800DB69B3F5800F04D04FF4EB716B4805F052
:1020F8002FFF7B681B6A012B03D97B681B6A3F2B68
:1021080004D940F2D711654805F022FF7B685B6A65
:10211800312B04D97B685B6AB3F5D87F04D94FF4B7
:10212800EC715E4805F014FF7B689B6A022B10D0A7
:102138007B689B6A042B0CD07B689B6A062B08D0B3
:102148007B689B6A082B04D040F2D911534805F0EC
:10215800FFFE7B68DB6A012B03D97B68DB6A0F2BE8
:1021680004D94FF4ED714D4805F0F2FE4C4B0022B6
:102178001A6001F04DFD386108E001F049FD0246A2
:102188003B69D31A022B01D9032381E0424B1B6818
:1021980003F00073002BF0D17B68DA697B681B6A57
:1021A8001A437B685B6A9B011A437B689B6A5B08DE
:1021B800013B1B041A437B68DB6A1B063649134341
:1021C8004B60374B01221A6001F022FD386108E0AC
:1021D80001F01EFD02463B69D31A022B01D90323E5
:1021E80056E02D4B1B6803F00073002BF0D04EE037
:1021F8002B4B00221A6001F00BFD386108E001F05A
:1022080007FD02463B69D31A022B01D903233FE09D
:10221800214B1B6803F00073002BF0D137E07B687B
:102228009B69012B01D1012332E01B4B5B68FB60EA
:102238007B689B69012B28D0FB6803F480027B68CC
:10224800DB699A4221D1FB6803F03F027B681B6A75
:102258009A421AD1FA6847F6C07313407A68526AEC
:102268009201934211D1FB6803F440327B689B6A68
:102278005B08013B1B049A4207D1FB6803F07062BC
:102288007B68DB6A1B069A4201D0012300E0002329
:1022980018461837BD4680BD0038024040DB0008AC
:1022A8006000474280B584B000AF786039607B68D1
:1022B800002B01D1012374E17B681B68002B03D03C
:1022C8007B681B680F2B04D940F25A217B4805F024
:1022D8003FFE3B68002B19D03B68012B16D03B68AA
:1022E800022B13D03B68032B10D03B68042B0DD076
:1022F8003B68052B0AD03B68062B07D03B68072BA9
:1023080004D040F25B216D4805F022FE6C4B1B683F
:1023180003F007033A689A420CD9694B3A68D2B27B
:102328001A70674B1B6803F007033A689A4201D09A
:10233800012336E17B681B6803F00203002B49D0B8
:102348007B681B6803F00403002B05D05D4B9B687A
:102358005C4A43F4E05393607B681B6803F008030E
:10236800002B05D0574B9B68564A43F46043936053
:102378007B689B68002B24D07B689B68802B20D0CF
:102388007B689B68902B1CD07B689B68A02B18D01F
:102398007B689B68B02B14D07B689B68C02B10D0DF
:1023A8007B689B68D02B0CD07B689B68E02B08D09F
:1023B8007B689B68F02B04D040F27E213F4805F0F3
:1023C800C7FD404B9B6823F0F0027B689B683D4942
:1023D80013438B607B681B6803F00103002B59D003
:1023E8007B685B68002B10D07B685B68012B0CD086
:1023F8007B685B68022B08D07B685B68032B04D082
:1024080040F285212D4805F0A3FD7B685B68012B10
:1024180007D12C4B1B6803F40033002B19D101237F
:10242800BFE07B685B68022B03D07B685B68032B8B
:1024380007D1244B1B6803F00073002B09D101233B
:10244800AFE0204B1B6803F00203002B01D10123EE
:10245800A7E01C4B9B6823F003027B685B68194963
:1024680013438B6001F0D4FBF8600AE001F0D0FB65
:102478000246FB68D31A41F28832934201D90323FA
:102488008FE0104B9B6803F00C027B685B689B0035
:102498009A42EBD10A4B1B6803F007033A689A4249
:1024A80012D2074B3A68D2B21A70054B1B6803F078
:1024B80007033A689A4207D0012372E040DB00081C
:1024C800003C0240003802407B681B6803F00403AC
:1024D800002B25D07B68DB68002B18D07B68DB6875
:1024E800B3F5805F13D07B68DB68B3F5A05F0ED0CF
:1024F8007B68DB68B3F5C05F09D07B68DB68B3F540
:10250800E05F04D040F2C321284805F021FD284BA4
:102518009B6823F4E0527B68DB68254913438B6092
:102528007B681B6803F00803002B26D07B681B69B7
:10253800002B18D07B681B69B3F5805F13D07B68CC
:102548001B69B3F5A05F0ED07B681B69B3F5C05F4C
:1025580009D07B681B69B3F5E05F04D040F2CA215B
:10256800124805F0F5FC124B9B6823F460427B6827
:102578001B69DB000E4913438B6000F021F802460B
:102588000B4B9B681B0903F00F030A49CB5C22FA2B
:1025980003F3094A1360094B1B68184601F0F4FA63
:1025A800002318461037BD4680BD00BF40DB000839
:1025B8000038024078DE00080400002008000020EF
:1025C8002DE9B04F90B000AF00237B630023FB637D
:1025D80000233B630023BB63594B9B6803F00C0348
:1025E800082B0DD0082B00F2A180002B02D0042B61
:1025F80003D09BE0534BBB639BE0534BBB6398E01A
:102608004F4B5B6803F03F037B634D4B5B6803F400
:102618008003002B28D04A4B5B689B0900223B6251
:102628007A623B6AC3F308000021474B03FB01F2BF
:10263800002300FB03F31344434AA0FB0212FA628F
:102648000A46BA62FA6A1344FB627B6B0022BB61DA
:10265800FA61D7E90623D7E90A01FEF737FA0246F5
:102668000B461346FB6353E0354B5B689B0900221E
:102678003B617A613B69C3F3080A4FF0000B52468D
:102688005B464FF000004FF00001590141EAD2616A
:10269800500102460B46B2EB0A0863EB0B094FF0F8
:1026A80000024FF000034FEA891343EA98634FEAA8
:1026B8008812B2EB080463EB09054FF000024FF0F3
:1026C8000003EB0043EA5473E20014461D4614EB82
:1026D8000A033B6045EB0B037B604FF000024FF0B1
:1026E8000003D7E9004529468B02214643EA915366
:1026F80021468A02104619467B6B0022BB60FA60AD
:10270800D7E90223FEF7E2F902460B461346FB63BC
:102718000B4B5B681B0C03F0030301335B003B634B
:10272800FA6B3B6BB2FBF3F3BB6302E0054BBB6395
:1027380000BFBB6B18464037BD46BDE8B08F00BF31
:10274800003802400024F400001BB70080B400AF3A
:10275800034B1B681846BD465DF8047B704700BFF5
:102768000400002080B500AFFFF7F0FF0246054BDC
:102778009B689B0A03F007030349CB5C22FA03F327
:10278800184680BD0038024088DE000880B500AFDA
:10279800FFF7DCFF0246054B9B685B0B03F0070362
:1027A8000349CB5C22FA03F3184680BD0038024087
:1027B80088DE000880B588B000AF786039600023F3
:1027C8007B6100233B610023BB617B68384A9342ED
:1027D80023D07B68374A93421FD07B68364A93429E
:1027E8001BD07B68354A934217D07B68344A9342A2
:1027F80013D07B68334A93420FD07B68324A9342A6
:102808000BD07B68314A934207D07B68304A9342A9
:1028180003D0AC212F4805F09BFB3B681B689BB29B
:10282800002B04D03B681B68B3F5803F03D3AD2170
:10283800284805F08DFB3B685B68002B35D03B686A
:102848005B68012B31D03B685B68112B2DD03B684E
:102858005B68022B29D03B685B68122B25D03B684C
:102868005B68B3F5881F20D03B685B68B3F5041F2D
:102878001BD03B685B68B3F5441F16D03B685B68A8
:10288800B3F5901F11D03B685B68B3F5081F0CD0F7
:102898003B685B68B3F5481F07D03B685B68032B50
:1028A80003D0AE210B4805F053FB0023FB6141E246
:1028B800000002400004024000080240000C0240F0
:1028C800001002400014024000180240001C0240A0
:1028D800002002408CDB00080122FB6902FA03F3A6
:1028E8007B613B681B687A6913403B613A697B6985
:1028F8009A4240F01C823B685B6803F00303012B9B
:1029080005D03B685B6803F00303022B44D13B68A6
:10291800DB68002B0FD03B68DB68012B0BD03B68D2
:10292800DB68022B07D03B68DB68032B03D0C02190
:10293800814805F00DFB7B689B68BB61FB695B0008
:10294800032202FA03F3DB43BA691340BB613B6815
:10295800DA68FB695B0002FA03F3BA691343BB61E7
:102968007B68BA699A607B685B68BB610122FB6916
:1029780002FA03F3DB43BA691340BB613B685B6847
:102988001B0903F00102FB6902FA03F3BA69134356
:10299800BB617B68BA695A603B685B6803F00303F4
:1029A800032B27D03B689B68002B0BD03B689B68A8
:1029B800012B07D03B689B68022B03D0D1215E48CE
:1029C80005F0C6FA7B68DB68BB61FB695B00032224
:1029D80002FA03F3DB43BA691340BB613B689A68A8
:1029E800FB695B0002FA03F3BA691343BB617B68B6
:1029F800BA69DA603B685B6803F00303022B40F0B6
:102A0800C1803B681B69002B00F098803B681B69FC
:102A1800092B00F093803B681B69002B00F08E8027
:102A28003B681B69002B00F089803B681B69002B01
:102A380000F084803B681B69002B7FD03B681B69D2
:102A4800012B7BD03B681B69012B77D03B681B6946
:102A5800022B73D03B681B69022B6FD03B681B6944
:102A6800022B6BD03B681B69032B67D03B681B6943
:102A7800042B63D03B681B69042B5FD03B681B6940
:102A8800042B5BD03B681B69052B57D03B681B693F
:102A9800052B53D03B681B69092B4FD03B681B693A
:102AA800062B4BD03B681B69092B47D03B681B6939
:102AB800072B43D03B681B69072B3FD03B681B693A
:102AC800072B3BD03B681B69082B37D03B681B6939
:102AD800082B33D03B681B69082B2FD03B681B6938
:102AE800092B2BD03B681B69092B27D03B681B6936
:102AF8000A2B23D03B681B690A2B1FD03B681B6934
:102B08000B2B1BD03B681B690C2B17D03B681B6930
:102B18000C2B13D03B681B690D2B0FD03B681B692E
:102B28000C2B0BD03B681B690F2B07D0DE2102480A
:102B380005F00EFA02E000BF8CDB0008FB69DA083A
:102B48007B68083253F82230BB61FB6903F0070346
:102B58009B000F2202FA03F3DB43BA691340BB61FF
:102B68003B681A69FB6903F007039B0002FA03F349
:102B7800BA691343BB61FB69DA087B680832B96933
:102B880043F822107B681B68BB61FB695B0003226A
:102B980002FA03F3DB43BA691340BB613B685B6825
:102BA80003F00302FB695B0002FA03F3BA691343FB
:102BB800BB617B68BA691A603B685B6803F44033A1
:102BC800002B00F0B4800023FB605F4B5B6C5E4A17
:102BD80043F4804353645C4B5B6C03F48043FB60B9
:102BE800FB685A4AFB699B08023352F82330BB61E1
:102BF800FB6903F003039B000F2202FA03F3DB4394
:102C0800BA691340BB617B68514A93422BD07B68F9
:102C1800504A934225D07B684F4A93421FD07B6825
:102C28004E4A934219D07B684D4A934213D07B6831
:102C38004C4A93420DD07B684B4A934207D07B683D
:102C48004A4A934201D107230EE008230CE00623E9
:102C58000AE0052308E0042306E0032304E0022336
:102C680002E0012300E00023FA6902F00302920067
:102C78009340BA691343BB613449FB699B0802332B
:102C8800BA6941F823203A4B9B68BB613B69DB4337
:102C9800BA691340BB613B685B6803F48013002B7F
:102CA80003D0BA693B691343BB61314ABB6993607E
:102CB8002F4BDB68BB613B69DB43BA691340BB61DF
:102CC8003B685B6803F40013002B03D0BA693B69C7
:102CD8001343BB61264ABB69D360254B5B68BB6164
:102CE8003B69DB43BA691340BB613B685B6803F42B
:102CF8000033002B03D0BA693B691343BB611C4AFC
:102D0800BB6953601A4B1B68BB613B69DB43BA69FB
:102D18001340BB613B685B6803F48033002B03D02E
:102D2800BA693B691343BB61114ABB691360FB690C
:102D38000133FB61FB690F2B7FF6CEAD00BF00BFEF
:102D48002037BD4680BD00BF003802400038014032
:102D5800000002400004024000080240000C02404B
:102D6800001002400014024000180240001C0240FB
:102D7800003C014080B582B000AF78600B467B8094
:102D880013467B707B88002B04D140F29D110E48BE
:102D980005F0DEF87B78002B07D07B78012B04D078
:102DA8004FF4CF71084805F0D3F87B78002B03D097
:102DB8007A887B689A6103E07B881A047B689A6149
:102DC80000BF0837BD4680BD8CDB000880B586B0E3
:102DD80000AF786000237B6100F01AFF38617B68E0
:102DE800002B01D1012303E27B681B688B4A9342C5
:102DF8004ED07B681B688A4A934249D07B681B681F
:102E0800884A934244D07B681B68874A93423FD0E4
:102E18007B681B68854A93423AD07B681B68844A62
:102E2800934235D07B681B68824A934230D07B68D6
:102E38001B68814A93422BD07B681B687F4A934268
:102E480026D07B681B687E4A934221D07B681B682A
:102E58007C4A93421CD07B681B687B4A934217D0FC
:102E68007B681B68794A934212D07B681B68784A52
:102E780093420DD07B681B68764A934208D07B68E2
:102E88001B68754A934203D0B721744805F060F86F
:102E98007B685B68002B26D07B685B68B3F1007F9A
:102EA80021D07B685B68B3F1806F1CD07B685B685E
:102EB800B3F1C06F17D07B685B68B3F1006F12D0B5
:102EC8007B685B68B3F1206F0DD07B685B68B3F1FA
:102ED800406F08D07B685B68B3F1606F03D0B8219E
:102EE8005E4805F035F87B689B68002B0BD07B6843
:102EF8009B68402B07D07B689B68802B03D0B92147
:102F0800564805F025F87B68DB68B3F5007F07D0E5
:102F18007B68DB68002B03D0BA21504805F018F80D
:102F28007B681B69B3F5806F07D07B681B69002B32
:102F380003D0BB21494805F00BF87B685B69002B7F
:102F48000DD07B685B69B3F5006F08D07B685B695F
:102F5800B3F5805F03D0BC21404804F0F9FF7B68DB
:102F68009B69002B0DD07B689B69B3F5005F08D087
:102F78007B689B69B3F5804F03D0BD21374804F0C7
:102F8800E7FF7B68DB69002B0CD07B68DB69B3F556
:102F9800807F07D07B68DB69202B03D0BE212F48B8
:102FA80004F0D6FF7B681B6A002B12D07B681B6A73
:102FB800B3F5803F0DD07B681B6AB3F5003F08D09E
:102FC8007B681B6AB3F5403F03D0BF21234804F058
:102FD800BFFF7B685B6A002B07D07B685B6A042BAA
:102FE80003D0C0211D4804F0B3FF7B685B6A002B47
:102FF80064D07B689B6A002B32D07B689B6A012B6C
:103008002ED07B689B6A022B2AD07B689B6A032B95
:1030180026D0C521114804F09BFF21E01060024032
:1030280028600240406002405860024070600240E0
:1030380088600240A0600240B8600240106402400C
:1030480028640240406402405864024070640240B0
:1030580088640240A0640240B8640240DCDB0008D7
:103068007B68DB6A002B12D07B68DB6AB3F5000F44
:103078000DD07B68DB6AB3F1807F08D07B68DB6AA0
:10308800B3F1C07F03D0C6215B4804F061FF7B68C1
:103098001B6B002B12D07B681B6BB3F5001F0DD088
:1030A8007B681B6BB3F5800F08D07B681B6BB3F58F
:1030B800C00F03D0C721504804F04AFF7B680222A2
:1030C80083F835207B68002283F834207B681B68EE
:1030D8001A687B681B6822F001021A600FE000F092
:1030E80097FD02463B69D31A052B08D97B68202235
:1030F8005A657B68032283F83520032378E07B68D0
:103108001B681B6803F00103002BE8D17B681B6870
:103118001B687B617A69394B13407B617B685A680D
:103128007B689B681A437B68DB681A437B681B696A
:103138001A437B685B691A437B689B691A437B68FF
:10314800DB691A437B681B6A13437A6913437B6103
:103158007B685B6A042B07D17B68DA6A7B681B6B28
:1031680013437A6913437B617B681B687A691A6029
:103178007B681B685B697B617B6923F007037B6164
:103188007B685B6A7A6913437B617B685B6A042BA3
:1031980017D17B689B6A7A6913437B617B68DB6A1A
:1031A800002B0ED0786800F011FB0346002B08D0E6
:1031B8007B6840225A657B68012283F83520012309
:1031C80016E07B681B687A695A61786800F0C8FA6B
:1031D8000346FB607B68DB6D3F229A40FB689A6080
:1031E8007B6800225A657B68012283F8352000231A
:1031F80018461837BD4680BDDCDB00083F8010F05C
:1032080080B586B000AFF860B9607A603B60002393
:10321800FB75FB689B6D3B613B68002B03D03B68EB
:10322800B3F5803F04D340F2CB11274804F090FE59
:10323800FB6893F83430012B01D1022340E0FB688E
:10324800012283F83420FB6893F83530DBB2012B78
:103258002FD1FB68022283F83520FB6800225A65CB
:103268003B687A68B968F86800F04CFAFB68DB6D6F
:103278003F229A403B699A60FB681B681A68FB68A2
:103288001B6842F016021A60FB681B6C002B07D003
:10329800FB681B681A68FB681B6842F008021A6022
:1032A800FB681B681A68FB681B6842F001021A6019
:1032B80005E0FB68002283F834200223FB75FB7DC0
:1032C80018461837BD4680BDDCDB000880B584B0E1
:1032D80000AF78607B689B6DFB6000F099FCB8607C
:1032E8007B6893F83530DBB2022B08D07B688022EC
:1032F8005A657B68002283F83420012352E07B68FA
:103308001B681A687B681B6822F016021A607B68C3
:103318001B685A697B681B6822F080025A617B68C7
:103328001B6C002B03D17B689B6C002B07D07B6840
:103338001B681A687B681B6822F008021A607B68A1
:103348001B681A687B681B6822F001021A6013E088
:1033580000F05EFC0246BB68D31A052B0CD97B68CB
:1033680020225A657B68032283F835207B68002277
:1033780083F83420032315E07B681B681B6803F07F
:103388000103002BE4D17B68DB6D3F229A40FB6888
:103398009A607B68012283F835207B68002283F8D5
:1033A8003420002318461037BD4680BD80B483B052
:1033B80000AF78607B6893F83530DBB2022B04D01D
:1033C8007B6880225A6501230CE07B68052283F81C
:1033D80035207B681B681A687B681B6822F001022D
:1033E8001A60002318460C37BD465DF8047B704709
:1033F80080B586B000AF78600023BB608E4B1B6839
:103408008E4AA2FB03239B0A7B617B689B6D3B6111
:103418003B691B68FB607B68DB6D08229A40FB6890
:103428001340002B1AD07B681B681B6803F0040349
:10343800002B13D07B681B681A687B681B6822F016
:1034480004021A607B68DB6D08229A403B699A6027
:103458007B685B6D43F001027B685A657B68DB6DB6
:1034680001229A40FB681340002B12D07B681B682E
:103478005B6903F08003002B0BD07B68DB6D0122B6
:103488009A403B699A607B685B6D43F002027B68F7
:103498005A657B68DB6D04229A40FB681340002B59
:1034A80012D07B681B681B6803F00203002B0BD04B
:1034B8007B68DB6D04229A403B699A607B685B6D90
:1034C80043F004027B685A657B68DB6D10229A40E2
:1034D800FB681340002B43D07B681B681B6803F014
:1034E8000803002B3CD07B68DB6D10229A403B69B7
:1034F8009A607B681B681B6803F48023002B18D034
:103508007B681B681B6803F40023002B08D17B68C9
:103518001B6C002B24D07B681B6C786898471FE0D5
:103528007B689B6C002B1BD07B689B6C78689847EA
:1035380016E07B681B681B6803F48073002B07D1B7
:103548007B681B681A687B681B6822F008021A608F
:103558007B681B6C002B03D07B681B6C78689847D2
:103568007B68DB6D20229A40FB681340002B00F03B
:103578008F807B681B681B6803F01003002B00F02A
:1035880087807B68DB6D20229A403B699A607B6864
:1035980093F83530DBB2052B36D17B681B681A6887
:1035A8007B681B6822F016021A607B681B685A69E0
:1035B8007B681B6822F080025A617B681B6C002BB9
:1035C80003D17B689B6C002B07D07B681B681A684B
:1035D8007B681B6822F008021A607B68DB6D3F225B
:1035E8009A403B699A607B68012283F835207B68A2
:1035F800002283F834207B681B6D002B7ED07B680B
:103608001B6D7868984779E07B681B681B6803F432
:103618008023002B1DD07B681B681B6803F40023E4
:10362800002B0DD17B685B6C002B31D07B685B6C09
:10363800786898472CE000BF04000020B5814E1B35
:103648007B68DB6B002B23D07B68DB6B7868984743
:103658001EE07B681B681B6803F48073002B0FD186
:103668007B681B681A687B681B6822F010021A6066
:103678007B68012283F835207B68002283F8342098
:103688007B68DB6B002B03D07B68DB6B7868984723
:103698007B685B6D002B32D07B685B6D03F00103A8
:1036A800002B22D07B68052283F835207B681B68B5
:1036B8001A687B681B6822F001021A60BB68013334
:1036C800BB607A699A4207D37B681B681B6803F062
:1036D8000103002BF2D100E000BF7B68012283F8D0
:1036E80035207B68002283F834207B68DB6C002B54
:1036F80005D07B68DB6C7868984700E000BF183716
:10370800BD4680BD80B485B000AFF860B9607A600E
:103718003B60FB681B681A68FB681B6822F4802200
:103728001A60FB681B683A685A60FB689B68402B04
:1037380008D1FB681B687A689A60FB681B68BA68DE
:10374800DA6007E0FB681B68BA689A60FB681B6868
:103758007A68DA6000BF1437BD465DF8047B7047AD
:1037680080B485B000AF78607B681B68DBB2103B23
:10377800144AA2FB03231B09FB60134AFB6813448A
:103788001B781A467B68DA65FB68032B09D97B68C6
:103798001B6823F47F7323F003031A1D7B689A6563
:1037A80007E07B681B6823F47F7323F003037A68C0
:1037B80093657B689B6D18461437BD465DF8047B9E
:1037C800704700BFABAAAAAA90DE000880B485B0F3
:1037D80000AF78600023FB737B689B6ABB607B68E3
:1037E8009B69002B1FD1BB68032B56D801A252F846
:1037F80023F000BF0D3800081F3800080D380008F6
:10380800A33800087B68DB6A03F08073002B46D07E
:103818000123FB7343E07B68DB6AB3F1C07F40D1CF
:103828000123FB733DE07B689B69B3F5005F21D101
:10383800BB68032B37D801A252F823F0553800088B
:103848005B380008553800086D3800080123FB7301
:1038580030E07B68DB6A03F08073002B25D00123FE
:10386800FB7322E07B68DB6AB3F1C07F1FD10123C1
:10387800FB731CE0BB68022B03D9BB68032B03D086
:1038880018E00123FB7315E07B68DB6A03F08073A3
:10389800002B0ED00123FB730BE000BF0AE000BF32
:1038A80008E000BF06E000BF04E000BF02E000BF80
:1038B80000E000BFFB7B18461437BD465DF8047B6B
:1038C800704700BF80B485B000AF78607B6803F0B4
:1038D8000703FB600C4BDB68BB60BA684FF6FF035D
:1038E8001340BB60FB681A02BB68134343F0BF6315
:1038F80043F40033BB60044ABB68D36000BF14378D
:10390800BD465DF8047B704700ED00E080B400AF71
:10391800044BDB681B0A03F007031846BD465DF835
:10392800047B704700ED00E080B483B000AF03462D
:10393800FB7197F90730002B0BDBFB7903F01F02B3
:10394800074997F907305B09012000FA02F241F8AC
:10395800232000BF0C37BD465DF8047B704700BFCD
:1039680000E100E080B483B000AF03463960FB712A
:1039780097F90730002B0ADB3B68DAB20C4997F954
:1039880007301201D2B20B4483F800230AE03B68E7
:10399800DAB20849FB7903F00F03043B1201D2B2F3
:1039A8000B441A7600BF0C37BD465DF8047B7047A0
:1039B80000E100E000ED00E080B489B000AFF860FD
:1039C800B9607A60FB6803F00703FB61FB69C3F128
:1039D8000703042B28BF0423BB61FB690433062BB0
:1039E80002D9FB69033B00E000237B614FF0FF3203
:1039F800BB6902FA03F3DA43BB681A407B699A4051
:103A08004FF0FF317B6901FA03F3D9437B680B4020
:103A1800134318462437BD465DF8047B7047000001
:103A280080B582B000AF78607B68013BB3F1807FDE
:103A380001D301230FE00A4A7B68013B53600F2141
:103A48004FF0FF30FFF78EFF054B00229A60044BC2
:103A580007221A60002318460837BD4680BD00BFFC
:103A680010E000E080B582B000AF78607B68072B7B
:103A78000FD07B68062B0CD07B68052B09D07B68A0
:103A8800042B06D07B68032B03D09021044804F054
:103A98005FFA7868FFF716FF00BF0837BD4680BD9C
:103AA80028DC000880B586B000AF0346B9607A60AC
:103AB800FB7300237B617B680F2B03D9A8210E4879
:103AC80004F046FABB680F2B03D9A9210A4804F071
:103AD8003FFAFFF71BFF78617A68B9687869FFF7E2
:103AE8006BFF024697F90F3011461846FFF73AFF69
:103AF80000BF1837BD4680BD28DC000880B582B0FD
:103B080000AF0346FB7197F90730002B03DABC219D
:103B1800054804F01DFA97F907301846FFF704FF27
:103B280000BF0837BD4680BD28DC000880B582B0DC
:103B380000AF78607868FFF773FF034618460837C8
:103B4800BD4680BD80B500AF0E4B1B680D4A43F4DF
:103B5800007313600B4B1B680A4A43F480631360BD
:103B6800084B1B68074A43F4807313600320FFF770
:103B780079FF0F2000F008F804F094FA00231846A3
:103B880080BD00BF003C024080B582B000AF7860C5
:103B9800124B1A68124B1B7819464FF47A73B3FB11
:103BA800F1F3B2FBF3F31846FFF7C0FF0346002B0F
:103BB80001D001230EE07B680F2B0AD80022796818
:103BC8004FF0FF30FFF76EFF064A7B681360002353
:103BD80000E0012318460837BD4680BD04000020D8
:103BE8000C0000200800002080B400AF064B1B78B2
:103BF8001A46064B1B681344044A136000BFBD46AF
:103C08005DF8047B704700BF0C0000208C0000208A
:103C180080B400AF034B1B681846BD465DF8047BB3
:103C2800704700BF8C00002080B584B000AF78607A
:103C3800FFF7EEFFB8607B68FB60FB68B3F1FF3FFE
:103C480005D00A4B1B781A46FB681344FB6000BF7B
:103C5800FFF7DEFF0246BB68D31AFA689A42F7D824
:103C680000BF00BF1037BD4680BD00BF0C0000205C
:103C780080B584B000AF78607B68002B01D1012348
:103C880068E07B681B68354A934203D0AF2134480B
:103C980004F05EF97B685B68002B1BD07B685B686F
:103CA800012B17D07B685B68022B13D07B685B689D
:103CB800032B0FD07B685B68042B0BD07B685B6899
:103CC800052B07D07B685B68062B03D0B0212448FE
:103CD80004F03EF97B689B68B3F5805F03D3B1219C
:103CE8001F4804F035F97B681B684CF6CC421A6013
:103CF8007B681B6845F255521A607B681B687A68B6
:103D080052685A607B681B687A6892689A60FFF705
:103D18007FFFF86011E0FFF77BFF0246FB68D31ACC
:103D280041F60102934208D97B681B68DB6803F0FF
:103D38000303002B01D003230CE07B681B68DB68BE
:103D480003F00303002BE6D17B681B684AF6AA221E
:103D58001A60002318461037BD4680BD0030004069
:103D680078DC000880B483B000AF78607B681B689B
:103D78004AF6AA221A60002318460C37BD465DF899
:103D8800047B704780B582B000AF78607B68002BF9
:103D980001D101237EE17B681B68704A93420ED0F3
:103DA8007B681B686E4A934209D07B681B686D4A22
:103DB800934204D04FF4A1716B4804F0C9F87B68B2
:103DC8005B68002B09D07B685B68B3F5827F04D001
:103DD80040F24311644804F0BBF87B689B68002BF1
:103DE8000ED07B689B68B3F5806F09D07B689B68B1
:103DF800B3F5004F04D04FF4A2715B4804F0A8F863
:103E08007B68DB68B3F5006F08D07B68DB68002B44
:103E180004D040F24511544804F09AF87B689B6935
:103E2800B3F5007F0DD07B689B69002B09D07B68B8
:103E38009B69B3F5802F04D04FF4A3714A4804F06E
:103E480087F87B68DB69002B20D07B68DB69082B4F
:103E58001CD07B68DB69102B18D07B68DB69182BBA
:103E680014D07B68DB69202B10D07B68DB69282B9A
:103E78000CD07B68DB69302B08D07B68DB69382B7A
:103E880004D040F24711384804F062F87B681B6A96
:103E9800002B08D07B681B6A802B04D04FF4A471D8
:103EA800314804F055F87B685B6A002B08D07B68C2
:103EB8005B6A102B04D040F249112B4804F048F8F3
:103EC8007B685B6A002B51D17B681B69002B08D08B
:103ED8007B681B69022B04D04FF4A671224804F0BA
:103EE80037F87B685B69002B08D07B685B69012B1E
:103EF80004D040F24D111C4804F02AF87B685B6836
:103F0800B3F5827F25D17B68DB69002B59D07B68AC
:103F1800DB69082B55D07B68DB69102B51D07B6897
:103F2800DB69182B4DD07B68DB69202B49D07B6877
:103F3800DB69282B45D07B68DB69302B41D07B6857
:103F4800DB69382B3DD040F25111074804F000F8E6
:103F580037E07B680022DA6133E000BF00300140BF
:103F680000380040003C0040C8DC00087B68DB6982
:103F7800002B20D07B68DB69082B1CD07B68DB69B1
:103F8800102B18D07B68DB69182B14D07B68DB6991
:103F9800202B10D07B68DB69282B0CD07B68DB6971
:103FA800302B08D07B68DB69382B04D040F25B11DA
:103FB8003A4803F0CDFF7B6800221A617B68002233
:103FC8005A617B6800229A627B6893F85130DBB2B1
:103FD800002B06D17B68002283F85020786803F014
:103FE800F9FF7B68022283F851207B681B681A68F6
:103FF8007B681B6822F040021A607B685B6803F4E8
:1040080082727B689B6803F404431A437B68DB680D
:1040180003F400631A437B681B6903F002031A4325
:104028007B685B6903F001031A437B689B6903F4AF
:1040380000731A437B68DB6903F038031A437B6813
:104048001B6A03F0800342EA03017B689B6A03F45E
:1040580000527B681B680A431A607B689B691B0CCB
:1040680003F004017B685B6A03F010027B681B683D
:104078000A435A607B681B68DA697B681B6822F40C
:104088000062DA617B6800225A657B68012283F846
:104098005120002318460837BD4680BDC8DC0008FB
:1040A80080B588B000AFF860B9603B601346FB800C
:1040B800FB689B68002B09D0FB689B68B3F5004F31
:1040C80004D040F20931864803F042FFFFF7A0FD13
:1040D800F861FB887B83FB6893F85130DBB2012BD6
:1040E80001D002232CE1BB68002B02D0FB88002BF7
:1040F80001D1012324E1FB6893F85030012B01D151
:1041080002231DE1FB68012283F85020FB6803228B
:1041180083F85120FB6800225A65FB68BA681A6365
:10412800FB68FA889A86FB68FA88DA86FB680022B8
:104138009A63FB6800229A87FB680022DA87FB688B
:1041480000225A64FB6800221A64FB689B68B3F576
:10415800004F0FD1FB681B681A68FB681B6822F0C8
:1041680040021A60FB681B681A68FB681B6842F407
:1041780080421A60FB681B681B6803F04003402BF1
:1041880007D0FB681B681A68FB681B6842F040028E
:104198001A60FB68DB68B3F5006F52D1FB685B6897
:1041A800002B02D07B8B012B45D1FB681B6B1A8837
:1041B800FB681B68DA60FB681B6B9A1CFB681A6358
:1041C800FB68DB8E9BB2013B9AB2FB68DA8632E071
:1041D800FB681B689B6803F00203022B12D1FB6883
:1041E8001B6B1A88FB681B68DA60FB681B6B9A1CE0
:1041F800FB681A63FB68DB8E9BB2013B9AB2FB68D3
:10420800DA8618E0FFF704FD0246FB69D31A3A681C
:104218009A4203D83B68B3F1FF3F02D13B68002BB9
:1042280009D1FB68012283F85120FB68002283F83A
:104238005020032384E0FB68DB8E9BB2002BC7D1A0
:1042480055E0FB685B68002B02D07B8B012B49D1C2
:10425800FB681A6BFB681B680C3312781A70FB68D2
:104268001B6B5A1CFB681A63FB68DB8E9BB2013B15
:104278009AB2FB68DA8635E0FB681B689B6803F036
:104288000203022B13D1FB681A6BFB681B680C3303
:1042980012781A70FB681B6B5A1CFB681A63FB6860
:1042A800DB8E9BB2013B9AB2FB68DA861AE0FFF715
:1042B800AFFC0246FB69D31A3A689A4203D83B68B6
:1042C800B3F1FF3F02D13B68002B0BD1FB68012201
:1042D80083F85120FB68002283F8502003232FE045
:1042E800C8DC0008FB68DB8E9BB2002BC4D1FA69DE
:1042F8003968F86800F066FA0346002B02D0FB68BC
:1043080020225A65FB689B68002B0AD100237B6139
:10431800FB681B68DB687B61FB681B689B687B61CB
:104328007B69FB68012283F85120FB68002283F82F
:104338005020FB685B6D002B01D0012300E00023B7
:1043480018462037BD4680BD80B58AB000AFF860FA
:10435800B9607A607B8001237B62FB689B68002BD5
:1043680004D040F28341844803F0F2FDFFF750FC8B
:104378003862FB6893F85130FB77FB685B68BB6178
:104388007B88FB82FB7F012B0CD0BB69B3F5827F56
:1043980006D1FB689B68002B02D1FB7F042B01D060
:1043A800022382E1BB68002B05D07B68002B02D07A
:1043B8007B88002B01D1012377E1FB6893F850300B
:1043C800012B01D1022370E1FB68012283F8502000
:1043D800FB6893F85130DBB2042B03D0FB6805224D
:1043E80083F85120FB6800225A65FB687A689A6353
:1043F800FB687A88DA87FB687A889A87FB68BA68E4
:104408001A63FB687A88DA86FB687A889A86FB687A
:1044180000221A64FB6800225A64FB681B681B6848
:1044280003F04003402B07D0FB681B681A68FB6841
:104438001B6842F040021A60FB68DB68B3F5006F46
:104448007ED1FB685B68002B02D0FB8A012B6CD104
:10445800FB681B6B1A88FB681B68DA60FB681B6BC0
:104468009A1CFB681A63FB68DB8E9BB2013B9AB20D
:10447800FB68DA8659E0FB681B689B6803F0020357
:10448800022B1BD1FB68DB8E9BB2002B16D07B6AFC
:10449800012B13D1FB681B6B1A88FB681B68DA6059
:1044A800FB681B6B9A1CFB681A63FB68DB8E9BB26C
:1044B800013B9AB2FB68DA8600237B62FB681B68C3
:1044C8009B6803F00103012B19D1FB68DB8F9BB2BA
:1044D800002B14D0FB681B68DA68FB689B6B92B2F0
:1044E8001A80FB689B6B9A1CFB689A63FB68DB8FDE
:1044F8009BB2013B9AB2FB68DA8701237B62FFF724
:1045080087FB02463B6AD31A3A6B9A420DD83B6B3B
:10451800B3F1FF3F09D0FB68012283F85120FB6803
:10452800002283F850200323BFE0FB68DB8E9BB298
:10453800002BA0D1FB68DB8F9BB2002B9BD185E0C1
:10454800FB685B68002B02D0FB8A012B74D1FB68E7
:104558001A6BFB681B680C3312781A70FB681B6BAC
:104568005A1CFB681A63FB68DB8E9BB2013B9AB24C
:10457800FB68DA8660E000BFC8DC0008FB681B68DF
:104588009B6803F00203022B1CD1FB68DB8E9BB2F5
:10459800002B17D07B6A012B14D1FB681A6BFB68C0
:1045A8001B680C3312781A70FB681B6B5A1CFB686B
:1045B8001A63FB68DB8E9BB2013B9AB2FB68DA8612
:1045C80000237B62FB681B689B6803F00103012BD7
:1045D80019D1FB68DB8F9BB2002B14D0FB681B68DA
:1045E800DA68FB689B6BD2B21A70FB689B6B5A1C2B
:1045F800FB689A63FB68DB8F9BB2013B9AB2FB684E
:10460800DA8701237B62FFF703FB02463B6AD31A72
:104618003A6B9A4203D83B6BB3F1FF3F02D13B6B35
:10462800002B09D1FB68012283F85120FB68002286
:1046380083F85020032338E0FB68DB8E9BB2002B05
:104648009CD1FB68DB8F9BB2002B97D13A6A396B00
:10465800F86800F0B7F80346002B08D0FB68202262
:104668005A65FB68002283F8502001231DE0FB688F
:104678009B68002B0AD100233B61FB681B68DB6841
:104688003B61FB681B689B683B613B69FB680122D7
:1046980083F85120FB68002283F85020FB685B6D8B
:1046A800002B01D0012300E0002318462837BD461F
:1046B80080BD00BF80B588B000AFF860B9603B60CE
:1046C8001346FB71FFF7A4FA0246BB6A9B1A3A68C5
:1046D8001344FB61FFF79CFAB861394B1B685B0117
:1046E8001B0DFA6902FB03F37B6155E03B68B3F1EC
:1046F800FF3F51D0FFF78CFA0246BB69D31AFA691B
:104708009A4202D9FB69002B3DD1FB681B685A68A5
:10471800FB681B6822F0E0025A60FB685B68B3F52F
:10472800827F11D1FB689B68B3F5004F04D0FB680A
:104738009B68B3F5806F07D1FB681B681A68FB6834
:104748001B6822F040021A60FB689B6AB3F5005FA1
:104758000FD1FB681B681A68FB681B6822F40052BB
:104768001A60FB681B681A68FB681B6842F40052F1
:104778001A60FB68012283F85120FB68002283F845
:104788005020032318E07B69002B02D10023FB6132
:1047980002E07B69013B7B61FB681B689A68BB6828
:1047A8001340BA689A420CBF01230023DBB21A46B1
:1047B800FB799A429AD1002318462037BD4680BD1E
:1047C8000400002080B588B002AFF860B9607A6054
:1047D8007B680093BB6801220221F868FFF76AFF33
:1047E8000346002B07D0FB685B6D43F02002FB6893
:1047F8005A65032332E01B4B1B681B4AA2FB0323A9
:104808005B0D4FF47A7202FB03F37B61FB685B6814
:10481800B3F5827F12D17B680093BB6800228021A8
:10482800F868FFF747FF0346002B16D0FB685B6D5F
:1048380043F02002FB685A6503230FE07B69002BD5
:104848000AD07B69013B7B61FB681B689B6803F0AE
:104858008003802BF2D000E000BF002318461837F1
:10486800BD4680BD04000020819F5E1680B582B0E1
:1048780000AF78607B68002B01D10123EDE07B68F5
:104888001B68784A934245D07B681B68B3F1804F18
:1048980040D07B681B68744A93423BD07B681B6896
:1048A800724A934236D07B681B68714A934231D072
:1048B8007B681B686F4A93422CD07B681B686E4AE2
:1048C800934227D07B681B686C4A934222D07B684E
:1048D8001B686B4A93421DD07B681B68694A9342E8
:1048E80018D07B681B68684A934213D07B681B68A2
:1048F800664A93420ED07B681B68654A934209D08A
:104908007B681B68634A934204D040F213116248E3
:1049180003F01EFB7B689B68002B14D07B689B68A8
:10492800102B10D07B689B68202B0CD07B689B6871
:10493800402B08D07B689B68602B04D04FF48A71A9
:10494800554803F005FB7B681B69002B0ED07B687C
:104958001B69B3F5807F09D07B681B69B3F5007FBD
:1049680004D040F215114C4803F0F2FA7B681B683A
:10497800B3F1804F04D07B681B683D4A934207D14E
:104988007B68DB68002B14BF01230023DBB20EE039
:104998007B68DB68002B06D07B68DB68B3F5803F5B
:1049A80001D2012300E0002303F00103DBB2002B56
:1049B80004D14FF48B71384803F0CAFA7B689B69BD
:1049C800002B08D07B689B69802B04D040F217111C
:1049D800314803F0BDFA7B6893F83D30DBB2002B19
:1049E80006D17B68002283F83C20786803F060FDDC
:1049F8007B68022283F83D207B681A687B68043351
:104A08001946104601F0A2F87B68012283F8462077
:104A18007B68012283F83E207B68012283F83F20CF
:104A28007B68012283F840207B68012283F84120BB
:104A38007B68012283F842207B68012283F84320A7
:104A48007B68012283F844207B68012283F8452093
:104A58007B68012283F83D20002318460837BD46AD
:104A680080BD00BF00000140000400400008004075
:104A7800000C0040001000400014004000040140F9
:104A88000040014000440140004801400018004037
:104A9800001C00400020004014DD000880B584B0F0
:104AA80000AF78607B681B68514A934245D07B68A9
:104AB8001B68B3F1804F40D07B681B684D4A934216
:104AC8003BD07B681B684C4A934236D07B681B6896
:104AD8004A4A934231D07B681B68494A93422CD09A
:104AE8007B681B68474A934227D07B681B68464A05
:104AF800934222D07B681B68444A93421DD07B684E
:104B08001B68434A934218D07B681B68414A93420A
:104B180013D07B681B68404A93420ED07B681B68A1
:104B28003E4A934209D07B681B683D4A934204D0B1
:104B38004FF4E8713B4803F00BFA7B6893F83D307B
:104B4800DBB2012B01D001234EE07B68022283F8FF
:104B58003D207B681B68DA687B681B6842F00102AD
:104B6800DA607B681B68224A934222D07B681B6804
:104B7800B3F1804F1DD07B681B681E4A934218D042
:104B88007B681B681C4A934213D07B681B681B4ACE
:104B980093420ED07B681B681B4A934209D07B68FE
:104BA8001B681A4A934204D07B681B681A4A9342CE
:104BB80011D17B681B689B6803F00703FB60FB68E7
:104BC800062B10D07B681B681A687B681B6842F04C
:104BD80001021A6007E07B681B681A687B681B681B
:104BE80042F001021A60002318461037BD4680BD06
:104BF800000001400004004000080040000C004094
:104C08000010004000140040000401400040014032
:104C1800004401400048014000180040001C0040CA
:104C28000020004014DD000880B582B000AF786035
:104C38007B68002B01D10123EDE07B681B68784A73
:104C4800934245D07B681B68B3F1804F40D07B68A6
:104C58001B68744A93423BD07B681B68724A934234
:104C680036D07B681B68714A934231D07B681B68D9
:104C78006F4A93422CD07B681B686E4A934227D0B8
:104C88007B681B686C4A934222D07B681B686B4A1E
:104C980093421DD07B681B68694A934218D07B6891
:104CA8001B68684A934213D07B681B68664A934224
:104CB8000ED07B681B68654A934209D07B681B68E5
:104CC800634A934204D040F22C51624803F040F901
:104CD8007B689B68002B14D07B689B68102B10D0D6
:104CE8007B689B68202B0CD07B689B68402B08D086
:104CF8007B689B68602B04D040F22D51554803F027
:104D080027F97B681B69002B0ED07B681B69B3F5FC
:104D1800807F09D07B681B69B3F5007F04D040F21F
:104D28002E514C4803F014F97B681B68B3F1804F8F
:104D380004D07B681B683D4A934207D17B68DB68D7
:104D4800002B14BF01230023DBB20EE07B68DB6875
:104D5800002B06D07B68DB68B3F5803F01D20123C6
:104D680000E0002303F00103DBB2002B04D140F282
:104D78002F51384803F0ECF87B689B69002B08D06A
:104D88007B689B69802B04D04FF4A661314803F0FF
:104D9800DFF87B6893F83D30DBB2002B06D17B68E7
:104DA800002283F83C20786800F056F87B680222DD
:104DB80083F83D207B681A687B68043319461046DF
:104DC80000F0C4FE7B68012283F846207B6801223C
:104DD80083F83E207B68012283F83F207B6801220C
:104DE80083F840207B68012283F841207B680122F8
:104DF80083F842207B68012283F843207B680122E4
:104E080083F844207B68012283F845207B680122CF
:104E180083F83D20002318460837BD4680BD00BFF3
:104E2800000001400004004000080040000C004061
:104E38000010004000140040000401400040014000
:104E4800004401400048014000180040001C004098
:104E58000020004014DD000880B483B000AF786003
:104E680000BF0C37BD465DF8047B704780B584B041
:104E780000AF78607B681B68DB68FB607B681B6839
:104E88001B69BB60BB6803F00203002B20D0FB68E2
:104E980003F00203002B1BD07B681B686FF0020233
:104EA8001A617B6801221A777B681B689B6903F08B
:104EB8000303002B03D0786800F02AFE05E0786829
:104EC80000F01CFE786800F02DFE7B6800221A773F
:104ED800BB6803F00403002B20D0FB6803F0040335
:104EE800002B1BD07B681B686FF004021A617B687B
:104EF80002221A777B681B689B6903F44073002BB6
:104F080003D0786800F004FE05E0786800F0F6FD4C
:104F1800786800F007FE7B6800221A77BB6803F008
:104F28000803002B20D0FB6803F00803002B1BD0DC
:104F38007B681B686FF008021A617B6804221A7785
:104F48007B681B68DB6903F00303002B03D07868D8
:104F580000F0DEFD05E0786800F0D0FD786800F02C
:104F6800E1FD7B6800221A77BB6803F01003002B71
:104F780020D0FB6803F01003002B1BD07B681B6854
:104F88006FF010021A617B6808221A777B681B6829
:104F9800DB6903F44073002B03D0786800F0B8FD98
:104FA80005E0786800F0AAFD786800F0BBFD7B6832
:104FB80000221A77BB6803F00103002B0CD0FB68B2
:104FC80003F00103002B07D07B681B686FF0010218
:104FD8001A61786804F092FDBB6803F08003002B27
:104FE8000CD0FB6803F08003002B07D07B681B689C
:104FF8006FF080021A61786801F00AFABB6803F062
:105008004003002B0CD0FB6803F04003002B07D0B3
:105018007B681B686FF040021A61786800F08CFDAD
:10502800BB6803F02003002B0CD0FB6803F02003BF
:10503800002B07D07B681B686FF020021A61786824
:1050480001F0DCF900BF1037BD4680BD80B586B0E1
:1050580000AFF860B9607A600023FB757B68002BAD
:1050680010D07B68042B0DD07B68082B0AD07B6896
:105078000C2B07D07B683C2B04D041F2820183487B
:1050880002F066FFBB681B68602B08D0BB681B6812
:10509800702B04D041F283017C4802F059FFBB68B1
:1050A8009B68002B08D0BB689B68022B04D041F298
:1050B8008401764802F04CFFBB681B69002B08D0BE
:1050C800BB681B69042B04D041F285016F4802F0CC
:1050D8003FFFFB6893F83C30012B01D102237CE1B0
:1050E800FB68012283F83C207B680C2B00F26D8161
:1050F80001A252F823F000BF35510008D35300082D
:10510800D3530008D3530008F7510008D3530008BD
:10511800D3530008D3530008C5520008D3530008DE
:10512800D3530008D35300084B530008FB681B688F
:10513800574A93423BD0FB681B68B3F1804F36D087
:10514800FB681B68534A934231D0FB681B68524A7C
:1051580093422CD0FB681B68504A934227D0FB68C7
:105168001B684F4A934222D0FB681B684D4A934202
:105178001DD0FB681B684C4A934218D0FB681B681B
:105188004A4A934213D0FB681B68494A93420ED09F
:10519800FB681B68474A934209D0FB681B68464A6C
:1051A800934204D041F28F01384802F0D1FEFB68E7
:1051B8001B68B968184600F06FFDFB681B689A69A0
:1051C800FB681B6842F008029A61FB681B689A69D1
:1051D800FB681B6822F004029A61FB681B689969E6
:1051E800BB681A69FB681B680A439A61F0E0FB68B0
:1051F8001B68274A934227D0FB681B68B3F1804F8E
:1052080022D0FB681B68234A93421DD0FB681B68A9
:10521800214A934218D0FB681B68204A934213D056
:10522800FB681B681E4A93420ED0FB681B681D4A28
:10523800934209D0FB681B681D4A934204D04FF47F
:105248008551124802F084FEFB681B68B96818464D
:1052580000F0BCFDFB681B689A69FB681B6842F498
:1052680000629A61FB681B689A69FB681B6822F4F4
:1052780080629A61FB681B689969BB681B691A029E
:10528800FB681B680A439A61A2E000BF14DD0008AE
:10529800000001400004004000080040000C0040ED
:1052A8000004014000400140004401400048014022
:1052B80000180040001C004000200040FB681B68EC
:1052C800484A93421DD0FB681B68B3F1804F18D041
:1052D800FB681B68444A934213D0FB681B68434A27
:1052E80093420ED0FB681B68414A934209D0FB6881
:1052F8001B68404A934204D041F2B1013E4802F093
:1053080027FEFB681B68B968184600F0FDFDFB68BE
:105318001B68DA69FB681B6842F00802DA61FB68FF
:105328001B68DA69FB681B6822F00402DA61FB6813
:105338001B68D969BB681A69FB681B680A43DA618C
:1053480046E0FB681B68274A93421DD0FB681B6830
:10535800B3F1804F18D0FB681B68234A934213D0DF
:10536800FB681B68214A93420ED0FB681B68204AE1
:10537800934209D0FB681B681E4A934204D041F24D
:10538800C2011D4802F0E4FDFB681B68B9681846B5
:1053980000F058FEFB681B68DA69FB681B6842F47A
:1053A8000062DA61FB681B68DA69FB681B6822F433
:1053B8008062DA61FB681B68D969BB681B691A02DD
:1053C800FB681B680A43DA6102E00123FB7500BF32
:1053D800FB68002283F83C20FB7D18461837BD4641
:1053E80080BD00BF000001400004004000080040EC
:1053F800000C00400004014014DD000880B584B0B2
:1054080000AF786039600023FB737B6893F83C3009
:10541800012B01D102235CE37B68012283F83C2045
:105428007B68022283F83D203B681B68B3F5805FE8
:1054380029D03B681B68702B25D03B681B68B3F5E7
:10544800005F20D03B681B68402B1CD03B681B6862
:10545800502B18D03B681B68602B14D03B681B6826
:10546800002B10D03B681B68102B0CD03B681B68C6
:10547800202B08D03B681B68302B04D041F2C34175
:10548800934802F065FD7B681B689B68BB60BB683E
:1054980023F07703BB60BB6823F47F43BB607B6862
:1054A8001B68BA689A603B681B68B3F5005F00F038
:1054B8002B81B3F5005F00F2FF82B3F5805F2ED039
:1054C800B3F5805F00F2F882702B00F08280702BB9
:1054D80000F2F282602B00F0F981602B00F2EC827E
:1054E800502B00F08281502B00F2E682402B00F016
:1054F8004D82402B00F2E082302B00F0A782302B47
:1055080000F2DA82202B00F0A182202B00F2D48254
:10551800002B00F09B82102B00F09882CCE27B6875
:105528001B686C4A934200F0CA827B681B68B3F11F
:10553800804F00F0C4827B681B68674A934200F082
:10554800BE827B681B68654A934200F0B8827B681C
:105558001B68634A934200F0B2827B681B68614A09
:10556800934200F0AC827B681B685F4A934200F06C
:10557800A6827B681B685D4A934200F0A0827B6824
:105588001B685B4A934200F09A827B681B68594A01
:10559800934200F094827B681B68574A934200F05C
:1055A8008E827B681B68554A934200F088827B682C
:1055B8001B68534A934200F082827B681B68514AF9
:1055C800934200F07C8241F2CF41414802F0C0FC96
:1055D80075E27B681B683F4A934227D07B681B684B
:1055E800B3F1804F22D07B681B683B4A93421DD0A1
:1055F8007B681B68394A934218D07B681B68384A15
:10560800934213D07B681B68384A93420ED07B685C
:105618001B68374A934209D07B681B68374A934214
:1056280004D041F2D6412A4802F092FC3B689B68BC
:10563800002B13D03B689B68B3F5805F0ED03B68A6
:105648009B68B3F5005F09D03B689B68B3F5405F82
:1056580004D041F2D9411E4802F07AFC3B685B68ED
:10566800B3F5004F14D03B685B68002B10D03B6843
:105678005B68002B0CD03B685B68022B08D03B684A
:105688005B680A2B04D041F2DA41114802F060FC51
:105698003B68DB680F2B04D941F2DB410C4802F070
:1056A80057FC7B6818683B6899683B685A683B6890
:1056B800DB6800F0A5FD7B681B689B68BB60BB6866
:1056C80043F07703BB607B681B68BA689A60F7E1B0
:1056D80014DD0008000001400004004000080040FC
:1056E800000C00400010004000140040000401407D
:1056F80000400140004401400048014000180040BB
:10570800001C0040002000407B681B68674A9342E9
:105718001DD07B681B68B3F1804F18D07B681B686D
:10572800634A934213D07B681B68624A93420ED047
:105738007B681B68604A934209D07B681B685F4A94
:10574800934204D041F2EE415D4802F001FC3B680F
:105758009B68002B13D03B689B68B3F5805F0ED025
:105768003B689B68B3F5005F09D03B689B68B3F55D
:10577800405F04D041F2F141514802F0E9FB3B6837
:105788005B68B3F5004F14D03B685B68002B10D002
:105798003B685B68002B0CD03B685B68022B08D029
:1057A8003B685B680A2B04D041F2F241444802F09E
:1057B800CFFB3B68DB680F2B04D941F2F34140482B
:1057C80002F0C6FB7B6818683B6899683B685A68B2
:1057D8003B68DB6800F014FD7B681B689A687B688F
:1057E8001B6842F480429A606AE17B681B682F4A12
:1057F800934227D07B681B68B3F1804F22D07B6827
:105808001B682B4A93421DD07B681B68294A934228
:1058180018D07B681B68284A934213D07B681B68A2
:10582800264A93420ED07B681B68264A934209D0C9
:105838007B681B68244A934204D041F202512048F5
:1058480002F086FB3B685B68B3F5004F14D03B68F9
:105858005B68002B10D03B685B68002B0CD03B6862
:105868005B68022B08D03B685B680A2B04D041F2C6
:105878000551134802F06CFB3B68DB680F2B04D919
:1058880041F206510E4802F063FB7B6818683B68DA
:1058980059683B68DB681A4600F038FC7B681B686F
:1058A8005021184600F091FC0AE100BF00000140B9
:1058B8000004004000080040000C004000040140C3
:1058C80014DD000800400140001800407B681B6898
:1058D800824A934227D07B681B68B3F1804F22D05D
:1058E8007B681B687E4A93421DD07B681B687D4A93
:1058F800934218D07B681B687B4A934213D07B681D
:105908001B687A4A93420ED07B681B68784A934298
:1059180009D07B681B68774A934204D041F2125140
:10592800754802F015FB3B685B68B3F5004F14D06F
:105938003B685B68002B10D03B685B68002B0CD081
:105948003B685B68022B08D03B685B680A2B04D075
:1059580041F21551684802F0FBFA3B68DB680F2BEF
:1059680004D941F21651644802F0F2FA7B681868CB
:105978003B6859683B68DB681A4600F0F6FB7B68B1
:105988001B686021184600F020FC99E07B681B68C2
:10599800524A934227D07B681B68B3F1804F22D0CC
:1059A8007B681B684E4A93421DD07B681B684D4A32
:1059B800934218D07B681B684B4A934213D07B688C
:1059C8001B684A4A93420ED07B681B68484A934238
:1059D80009D07B681B68474A934204D041F22251A0
:1059E800454802F0B5FA3B685B68B3F5004F14D040
:1059F8003B685B68002B10D03B685B68002B0CD0C1
:105A08003B685B68022B08D03B685B680A2B04D0B4
:105A180041F22551384802F09BFA3B68DB680F2BAE
:105A280004D941F22651344802F092FA7B6818688A
:105A38003B6859683B68DB681A4600F067FB7B687F
:105A48001B684021184600F0C0FB39E07B681B68E2
:105A5800224A934227D07B681B68B3F1804F22D03B
:105A68007B681B681E4A93421DD07B681B681D4AD1
:105A7800934218D07B681B681B4A934213D07B68FB
:105A88001B681A4A93420ED07B681B68184A9342D7
:105A980009D07B681B68174A934204D041F23551FC
:105AA800154802F055FA7B681A683B681B68194666
:105AB800104600F08AFB03E00123FB7300E000BFFF
:105AC8007B68012283F83D207B68002283F83C2014
:105AD800FB7B18461037BD4680BD00BF0000014063
:105AE8000004004000080040000C00400004014091
:105AF800004001400018004014DD000880B483B065
:105B080000AF786000BF0C37BD465DF8047B704776
:105B180080B483B000AF786000BF0C37BD465DF835
:105B2800047B704780B483B000AF786000BF0C3747
:105B3800BD465DF8047B704780B483B000AF7860E1
:105B480000BF0C37BD465DF8047B704780B485B054
:105B580000AF786039607B681B68FB607B68434AEC
:105B6800934213D07B68B3F1804F0FD07B68404AD3
:105B780093420BD07B683F4A934207D07B683E4AEA
:105B8800934203D07B683D4A934208D1FB6823F0D7
:105B98007003FB603B685B68FA681343FB607B68D3
:105BA800324A93422BD07B68B3F1804F27D07B6871
:105BB8002F4A934223D07B682E4A93421FD07B689A
:105BC8002D4A93421BD07B682C4A934217D07B689E
:105BD8002B4A934213D07B682A4A93420FD07B68A2
:105BE800294A93420BD07B68284A934207D07B68A6
:105BF800274A934203D07B68264A934208D1FB6820
:105C080023F44073FB603B68DB68FA681343FB606E
:105C1800FB6823F080023B685B691343FB603B68C9
:105C28009A687B68DA623B681A687B689A627B6864
:105C38000E4A934203D07B68104A934203D13B68D3
:105C48001A697B681A637B681B6843F004027B68E7
:105C58001A607B6801225A617B68FA681A6000BF83
:105C68001437BD465DF8047B704700BF0000014053
:105C78000004004000080040000C004000040140FF
:105C88000040014000440140004801400018004025
:105C9800001C00400020004080B586B000AF78604E
:105CA80039607B681B6A7B617B681B6A23F0010291
:105CB8007B681A627B685B683B617B689B69FB60F9
:105CC800FB6823F07003FB60FB6823F00303FB60B1
:105CD8003B681B68FA681343FB607B6923F0020387
:105CE8007B613B689B687A6913437B617B68344AB4
:105CF800934203D07B68334A934219D13B68DB68EF
:105D0800002B08D03B68DB68082B04D041F6CD2176
:105D18002D4802F01DF97B6923F008037B613B687D
:105D2800DB687A6913437B617B6923F004037B6139
:105D38007B68234A934203D07B68224A93422DD141
:105D48003B689B69B3F5007F08D03B689B69002BD3
:105D580004D041F6DA211C4802F0FAF83B685B6986
:105D6800B3F5807F08D03B685B69002B04D041F60F
:105D7800DB21154802F0ECF83B6923F480733B61A2
:105D88003B6923F400733B613B685B693A691343E1
:105D98003B613B689B693A6913433B617B683A699D
:105DA8005A607B68FA689A613B685A687B685A63EC
:105DB8007B687A691A6200BF1837BD4680BD00BF8C
:105DC800000001400004014014DD000880B586B0E1
:105DD80000AF786039607B681B6A7B617B681B6AEF
:105DE80023F010027B681A627B685B683B617B6802
:105DF8009B69FB60FB6823F4E043FB60FB6823F4CA
:105E08004073FB603B681B681B02FA681343FB6026
:105E18007B6923F020037B613B689B681B017A69DF
:105E280013437B617B68354A934203D07B68344ACD
:105E380093421AD13B68DB68002B08D03B68DB68CB
:105E4800082B04D041F619312E4802F081F87B69FD
:105E580023F080037B613B68DB681B017A6913438D
:105E68007B617B6923F040037B617B68234A934213
:105E780003D07B68224A93422FD13B689B69B3F5D4
:105E8800007F08D03B689B69002B04D041F626317F
:105E98001C4802F05DF83B685B69B3F5807F08D069
:105EA8003B685B69002B04D041F62731154802F0A6
:105EB8004FF83B6923F480633B613B6923F400633B
:105EC8003B613B685B699B003A6913433B613B68F4
:105ED8009B699B003A6913433B617B683A695A6046
:105EE8007B68FA689A613B685A687B689A637B6842
:105EF8007A691A6200BF1837BD4680BD00000140AC
:105F08000004014014DD000880B586B000AF786059
:105F180039607B681B6A7B617B681B6A23F480722B
:105F28007B681A627B685B683B617B68DB69FB6046
:105F3800FB6823F07003FB60FB6823F00303FB603E
:105F48003B681B68FA681343FB607B6923F40073A2
:105F58007B613B689B681B027A6913437B617B68A2
:105F6800354A934203D07B68344A93421AD13B683E
:105F7800DB68002B08D03B68DB68082B04D041F6AF
:105F880064312F4801F0E4FF7B6923F400637B61EF
:105F98003B68DB681B027A6913437B617B6923F4E6
:105FA80080637B617B68244A934203D07B68234AE1
:105FB80093422FD13B689B69B3F5007F08D03B68BB
:105FC8009B69002B04D041F671311D4801F0C0FFD8
:105FD8003B685B69B3F5807F08D03B685B69002B41
:105FE80004D041F67231164801F0B2FF3B6923F440
:105FF80080533B613B6923F400533B613B685B6919
:106008001B013A6913433B613B689B691B013A6971
:1060180013433B617B683A695A607B68FA68DA61C6
:106028003B685A687B68DA637B687A691A6200BFE2
:106038001837BD4680BD00BF000001400004014084
:1060480014DD000880B586B000AF786039607B68E1
:106058001B6A3B617B681B6A23F480527B681A6267
:106068007B685B687B617B68DB69FB60FB6823F4AA
:10607800E043FB60FB6823F44073FB603B681B68EC
:106088001B02FA681343FB603B6923F400533B612E
:106098003B689B681B033A6913433B617B68184A5A
:1060A800934203D07B68174A934217D13B685B69D8
:1060B800B3F5807F08D03B685B69002B04D041F6BC
:1060C800B131114801F044FF7B6923F480437B61BF
:1060D8003B685B699B017A6913437B617B687A69DA
:1060E8005A607B68FA68DA613B685A687B681A64A8
:1060F8007B683A691A6200BF1837BD4680BD00BF89
:10610800000001400004014014DD000880B487B09D
:1061180000AFF860B9607A60FB681B6A7B61FB6856
:106128001B6A23F00102FB681A62FB689B693B61EA
:106138003B6923F0F0033B617B681B013A69134319
:106148003B617B6923F00A037B617A69BB6813436F
:106158007B61FB683A699A61FB687A691A6200BFD9
:106168001C37BD465DF8047B704780B487B000AF2C
:10617800F860B9607A60FB681B6A7B61FB681B6A20
:1061880023F01002FB681A62FB689B693B613B695C
:1061980023F470433B617B681B033A6913433B61FB
:1061A8007B6923F0A0037B61BB681B017A691343F9
:1061B8007B61FB683A699A61FB687A691A6200BF79
:1061C8001C37BD465DF8047B704780B485B000AFCE
:1061D800786039607B689B68FB60FB6823F070031C
:1061E800FB603A68FB68134343F00703FB607B6876
:1061F800FA689A6000BF1437BD465DF8047B7047A3
:1062080080B487B000AFF860B9607A603B60FB6823
:106218009B687B617B6923F47F437B613B681A023F
:106228007B681A43BB6813437A6913437B61FB6835
:106238007A699A6000BF1C37BD465DF8047B7047D9
:1062480080B584B000AF786039607B681B68614AAC
:10625800934227D07B681B68B3F1804F22D07B68BC
:106268001B685D4A93421DD07B681B685B4A93425A
:1062780018D07B681B685A4A934213D07B681B6806
:10628800584A93420ED07B681B68574A934209D0FC
:106298007B681B68554A934204D040F2A971544860
:1062A80001F056FE3B681B68002B20D03B681B683A
:1062B800102B1CD03B681B68202B18D03B681B6830
:1062C800302B14D03B681B68402B10D03B681B68F0
:1062D800502B0CD03B681B68602B08D03B681B68B0
:1062E800702B04D040F2AA71414801F031FE3B689E
:1062F8005B68802B08D03B685B68002B04D040F2B9
:10630800AB713B4801F024FE7B6893F83C30012BCD
:1063180001D102235AE07B68012283F83C207B6884
:10632800022283F83D207B681B685B68FB607B6802
:106338001B689B68BB60FB6823F07003FB603B68CD
:106348001B68FA681343FB607B681B68FA685A602D
:106358007B681B681F4A934222D07B681B68B3F195
:10636800804F1DD07B681B681B4A934218D07B68FE
:106378001B681A4A934213D07B681B68184A9342D9
:106388000ED07B681B68194A934209D07B681B684A
:10639800184A934204D07B681B68174A93420CD171
:1063A800BB6823F08003BB603B685B68BA68134333
:1063B800BB607B681B68BA689A607B68012283F8B7
:1063C8003D207B68002283F83C20002318461037C4
:1063D800BD4680BD000001400004004000080040A8
:1063E800000C004000100040001400400004014070
:1063F80060DD0008004001400018004080B483B010
:1064080000AF786000BF0C37BD465DF8047B70476D
:1064180080B483B000AF786000BF0C37BD465DF82C
:10642800047B704780B582B000AF78607B68002B32
:1064380001D10123B7E07B689B69002B31D07B68D1
:106448001B685B4A934213D07B681B68594A934286
:106458000ED07B681B68584A934209D07B681B683A
:10646800564A934204D040F27311554801F070FD2A
:106478007B689B69002B37D07B689B69B3F5807F6D
:1064880032D07B689B69B3F5007F2DD07B689B6910
:10649800B3F5407F28D04FF4BA71494801F058FD50
:1064A80022E07B681B68424A93421DD07B681B68C8
:1064B800404A934218D07B681B683F4A934213D0E6
:1064C8007B681B683F4A93420ED07B681B683E4A34
:1064D800934209D07B681B68384A934204D04FF432
:1064E800BC71374801F034FD7B689B68002B09D0EC
:1064F8007B689B68B3F5805F04D04FF4BD7130486A
:1065080001F026FD7B68DB69002B09D07B68DB691D
:10651800B3F5004F04D040F27B11294801F018FD73
:106528007B6893F84130DBB2002B06D17B680022F0
:1065380083F84020786802F0F1F87B68242283F819
:1065480041207B681B68DA687B681B6822F400526C
:10655800DA60786800F0CCFE7B681B681A697B6893
:106568001B6822F490421A617B681B685A697B6831
:106578001B6822F02A025A617B681B68DA687B680C
:106588001B6842F40052DA607B6800225A647B6818
:10659800202283F841207B68202283F842207B68F0
:1065A80000225A63002318460837BD4680BD00BF45
:1065B8000010014000440040004800400014014021
:1065C800B0DD0008004C00400050004080B58CB0A1
:1065D80000AFF860B9601346FB80FB6893F842305F
:1065E800DBB2202B46D1BB68002B02D0FB88002BE6
:1065F80001D101233FE0FB6801221A63FB680022F6
:106608005A63FB881A46B968F86800F009FC034623
:1066180087F82F30FB681B6B012B25D100233B61CA
:10662800FB681B681B683B61FB681B685B683B6118
:106638003B69FB681B680C33BB61BB6953E8003FCF
:106648007B617B6943F01003BB62FB681B680C33FA
:10665800BA6A7A623B62396A7A6A41E80023FB6166
:10666800FB69002BE5D102E0012387F82F3097F86A
:106678002F3000E0022318463037BD4680BD0000A9
:1066880080B5BAB000AF78607B681B681B68C7F834
:10669800E4307B681B68DB68C7F8E0307B681B6800
:1066A8005B69C7F8DC300023C7F8D8300023C7F887
:1066B800D430D7F8E43003F00F03C7F8D830D7F850
:1066C800D830002B0FD1D7F8E43003F02003002B8B
:1066D80009D0D7F8E03003F02003002B03D0786806
:1066E80000F048FD73E2D7F8D830002B00F0DE80C8
:1066F800D7F8DC3003F00103002B06D1D7F8E030DF
:1067080003F49073002B00F0D180D7F8E43003F045
:106718000103002B0BD0D7F8E03003F48073002B73
:1067280005D07B685B6C43F001027B685A64D7F83C
:10673800E43003F00403002B0BD0D7F8DC3003F06F
:106748000103002B05D07B685B6C43F002027B6879
:106758005A64D7F8E43003F00203002B0BD0D7F8C3
:10676800DC3003F00103002B05D07B685B6C43F041
:1067780004027B685A64D7F8E43003F00803002B5E
:1067880011D0D7F8E03003F02003002B05D1D7F85B
:10679800DC3003F00103002B05D07B685B6C43F011
:1067A80008027B685A647B685B6C002B00F00A82E5
:1067B800D7F8E43003F02003002B08D0D7F8E030F6
:1067C80003F02003002B02D0786800F0D3FC7B682C
:1067D8001B685B6903F04003402B0CBF01230023B7
:1067E800DBB2C7F8D4307B685B6C03F00803002B7E
:1067F80003D1D7F8D430002B4FD0786800F0DEFBF7
:106808007B681B685B6903F04003402B41D17B68C0
:106818001B681433C7F89C30D7F89C3053E8003F06
:10682800C7F89830D7F8983023F04003C7F8D0302D
:106838007B681B681433D7F8D020C7F8A820C7F89E
:10684800A430D7F8A410D7F8A82041E80023C7F847
:10685800A030D7F8A030002BD9D17B68DB6B002B98
:1068680013D07B68DB6B8A4A1A657B68DB6B18463A
:10687800FCF79CFD0346002B16D07B68DB6B1B6D79
:106888007A68D26B104698470EE0786800F0C0F935
:106898000AE0786800F0BCF906E0786800F0B8F91A
:1068A8007B6800225A648DE100BF8BE17B681B6B1B
:1068B800012B40F06781D7F8E43003F01003002B78
:1068C80000F06081D7F8E03003F01003002B00F0EF
:1068D80059810023BB607B681B681B68BB607B68B1
:1068E8001B685B68BB60BB687B681B685B6903F0FF
:1068F8004003402B40F0CE807B68DB6B1B685B68F5
:10690800A7F8BE30B7F8BE30002B00F0A9807B682E
:106918009B8DB7F8BE209A4280F0A2807B68B7F8BA
:10692800BE20DA857B68DB6BDB69B3F5807F00F01E
:1069380088807B681B680C33C7F88830D7F88830A4
:1069480053E8003FC7F88430D7F8843023F48073C5
:10695800C7F8B8307B681B680C33D7F8B820C7F87D
:106968009420C7F89030D7F89010D7F8942041E8D1
:106978000023C7F88C30D7F88C30002BD9D17B682E
:106988001B6814337B677B6F53E8003F3B673B6FA3
:1069980023F00103C7F8B4307B681B681433D7F8B9
:1069A800B420C7F88020FB67F96FD7F8802041E84A
:1069B8000023BB67BB6F002BE1D17B681B681433D6
:1069C8003B663B6E53E8003FFB65FB6D23F04003DD
:1069D800C7F8B0307B681B681433D7F8B020FA6664
:1069E800BB66B96EFA6E41E800237B667B6E002BAE
:1069F800E3D17B68202283F842207B6800221A6357
:106A08007B681B680C33FB64FB6C53E8003FBB647A
:106A1800BB6C23F01003C7F8AC307B681B680C33E1
:106A2800D7F8AC20BA657B65796DBA6D41E800236B
:106A38003B653B6D002BE3D17B68DB6B1846FCF7AD
:106A480045FC7B6802225A637B689A8D7B68DB8DE4
:106A58009BB2D31A9BB21946786803F05FF8B3E08B
:106A68007B689B8DB7F8BE209A4240F0AD807B686A
:106A7800DB6BDB69B3F5807F40F0A6807B68022280
:106A88005A637B689B8D1946786803F047F89BE04A
:106A98008B7000087B689A8D7B68DB8D9BB2D31A5C
:106AA800A7F8CE307B68DB8D9BB2002B00F08E8080
:106AB800B7F8CE30002B00F089807B681B680C3358
:106AC800BB63BB6B53E8003F7B637B6B23F4907322
:106AD800C7F8C8307B681B680C33D7F8C8207A64BD
:106AE8003B64396C7A6C41E80023FB63FB6B002B39
:106AF800E3D17B681B6814337B627B6A53E8003FF1
:106B08003B623B6A23F00103C7F8C4307B681B680B
:106B18001433D7F8C4203A63FB62F96A3A6B41E848
:106B28000023BB62BB6A002BE3D17B68202283F879
:106B380042207B6800221A637B681B680C333B6128
:106B48003B6953E8003FFB60FB6823F01003C7F87C
:106B5800C0307B681B680C33D7F8C020FA61BB6172
:106B6800B969FA6941E800237B617B69002BE3D1AD
:106B78007B6802225A63B7F8CE301946786802F06B
:106B8800CDFF23E0D7F8E43003F08003002B09D0D1
:106B9800D7F8E03003F08003002B03D0786800F0CA
:106BA80081FA14E0D7F8E43003F04003002B0ED04C
:106BB800D7F8E03003F04003002B08D0786800F0E5
:106BC800C1FA04E000BF02E000BF00E000BFE83700
:106BD800BD4680BD80B483B000AF786000BF0C377D
:106BE800BD465DF8047B704780B483B000AF786021
:106BF80000BF0C37BD465DF8047B704780B483B096
:106C080000AF786000BF0C37BD465DF8047B704765
:106C180080B483B000AF786000BF0C37BD465DF824
:106C2800047B704780B59CB000AF78607B689B6B35
:106C3800FB667B681B681B6803F48073002B72D1AA
:106C4800FB6E0022DA85FB6E1B680C33FB64FB6C61
:106C580053E8003FBB64BB6C23F48073BB66FB6ED8
:106C68001B680C33BA6EBA657B65796DBA6D41E8FD
:106C780000233B653B6D002BE5D1FB6E1B6814338D
:106C8800BB63BB6B53E8003F7B637B6B23F0010363
:106C98007B66FB6E1B6814337A6E7A643B64396CCE
:106CA8007A6C41E80023FB63FB6B002BE5D1FB6E9C
:106CB8001B6814337B627B6A53E8003F3B623B6A84
:106CC80023F040033B66FB6E1B6814333A6E3A634D
:106CD800FB62F96A3A6B41E80023BB62BB6A002B8E
:106CE800E5D1FB6E202283F84220FB6E1B6B012B43
:106CF80019D1FB6E1B680C333B613B6953E8003FBD
:106D0800FB60FB6823F01003FB65FB6E1B680C330C
:106D1800FA6DFA61BB61B969FA6941E800237B61E0
:106D28007B69002BE5D1FB6E00225A63FB6E1B6B5F
:106D3800012B06D1FB6E9B8D1946F86E02F0EEFE14
:106D480002E0F86EFFF750FF00BF7037BD4680BD08
:106D580080B584B000AF78607B689B6BFB60FB6894
:106D680001225A63FB681B6B012B08D1FB689B8DC2
:106D78005B089BB21946F86802F0D0FE02E0F8689A
:106D8800FFF73CFF00BF1037BD4680BD80B584B01B
:106D980000AF78600023FB607B689B6BBB60BB68BF
:106DA8001B685B6903F08003802B0CBF0123002361
:106DB800DBB2FB60BB6893F84130DBB2212B08D112
:106DC800FB68002B05D0BB680022DA84B86800F0A5
:106DD800CDF8BB681B685B6903F04003402B0CBF10
:106DE80001230023DBB2FB60BB6893F84230DBB2BF
:106DF800222B08D1FB68002B05D0BB680022DA855E
:106E0800B86800F0DBF8BB685B6C43F01002BB6845
:106E18005A64B868FFF7FCFE00BF1037BD4680BD56
:106E280080B598B000AFF860B9601346FB80BA68C7
:106E3800FB689A62FB68FA889A85FB6800225A64A4
:106E4800FB68222283F84220FB68DB6B444ADA6342
:106E5800FB68DB6B434A1A64FB68DB6B424ADA6403
:106E6800FB68DB6B00221A6507F10803FB65FB680A
:106E7800D86BFB681B6804331946FB6D1A68FB88DE
:106E8800FCF7BEF90346002B08D0FB6810225A64B1
:106E9800FB68202283F8422001235DE000233B6148
:106EA800FB681B681B683B61FB681B685B683B6190
:106EB8003B69FB681B69002B19D0FB681B680C3306
:106EC8003B643B6C53E8003FFB63FB6B43F480730C
:106ED800BB65FB681B680C33BA6DFA64BB64B96C9C
:106EE800FA6C41E800237B647B6C002BE5D1FB68DE
:106EF8001B681433FB62FB6A53E8003FBB62BB6A42
:106F080043F001037B65FB681B6814337A6DBA6331
:106F18007B63796BBA6B41E800233B633B6B002BC7
:106F2800E5D1FB681B681433BB61BB6953E8003FBC
:106F38007B617B6943F040033B65FB681B68143346
:106F48003A6D7A623B62396A7A6A41E80023FB61EA
:106F5800FB69002BE5D1002318466037BD4680BD8C
:106F68002D6C0008596D0008956D000880B489B033
:106F780000AF78607B681B680C33FB60FB6853E8E4
:106F8800003FBB60BB6823F0C003FB617B681B68E4
:106F98000C33FA69BA617B617969BA6941E80023FF
:106FA8003B613B69002BE5D17B68202283F84120B7
:106FB80000BF2437BD465DF8047B704780B495B0A8
:106FC80000AF78607B681B680C337B637B6B53E88E
:106FD800003F3B633B6B23F49073FB647B681B6847
:106FE8000C33FA6C3A64FB63F96B3A6C41E80023A2
:106FF800BB63BB6B002BE5D17B681B6814333B621A
:107008003B6A53E8003FFB61FB6923F00103BB6463
:107018007B681B681433BA6CFA62BB62B96AFA6A95
:1070280041E800237B627B6A002BE5D17B681B6B00
:10703800012B19D17B681B680C33FB60FB6853E894
:10704800003FBB60BB6823F010037B647B681B6850
:107058000C337A6CBA617B617969BA6941E80023BB
:107068003B613B69002BE5D17B68202283F84220F5
:107078007B6800221A6300BF5437BD465DF8047B65
:10708800704780B584B000AF78607B689B6BFB600D
:10709800FB680022DA85F868FFF7BAFD00BF1037F1
:1070A800BD4680BD80B485B000AF78607B6893F83A
:1070B8004130DBB2212B3ED17B689B68B3F5805F02
:1070C80014D17B681B69002B10D17B681B6AFB609D
:1070D800FB681B881A467B681B68C2F308025A6063
:1070E8007B681B6A9A1C7B681A6208E07B681B6ACB
:1070F800591C7A6811621A787B681B685A607B6829
:10710800DB8C9BB2013B9BB27A681946D184002B79
:107118000FD17B681B68DA687B681B6822F08002E5
:10712800DA607B681B68DA687B681B6842F040029B
:10713800DA60002300E0022318461437BD465DF8E4
:10714800047B704780B582B000AF78607B681B68AD
:10715800DA687B681B6822F04002DA607B682022CC
:1071680083F841207868FFF735FD00231846083773
:10717800BD4680BD80B58CB000AF78600023FB624F
:107188000023BB627B6893F84230DBB2222B40F0CD
:10719800AA807B689B68B3F5805F15D17B681B6903
:1071A800002B11D17B689B6ABB627B681B685B689C
:1071B8009BB2C3F308039AB2BB6A1A807B689B6AC6
:1071C8009A1C7B689A6224E07B689B6AFB627B68F6
:1071D8009B68B3F5805F07D07B689B68002B0AD15A
:1071E8007B681B69002B06D17B681B685B68DAB279
:1071F800FB6A1A7008E07B681B685B68DBB203F007
:107208007F03DAB2FB6A1A707B689B6A5A1C7B6838
:107218009A627B68DB8D9BB2013B9BB27A68194608
:10722800D185002B5DD17B681B68DA687B681B6899
:1072380022F02002DA607B681B68DA687B681B68CA
:1072480022F48072DA607B681B685A697B681B6865
:1072580022F001025A617B68202283F842207B6871
:1072680000225A637B681B6B012B35D17B68002297
:107278001A637B681B680C337B617B6953E8003FAA
:107288003B613B6923F010037B627B681B680C330E
:107298007A6A3A62FB61F9693A6A41E80023BB619C
:1072A800BB69002BE5D17B681B681B6803F01003E2
:1072B800102B0AD10023FB607B681B681B68FB60EE
:1072C8007B681B685B68FB60FB687B689B8D194665
:1072D800786802F023FC02E07868FFF785FC002359
:1072E80002E0002300E0022318463037BD4680BD87
:1072F8002DE9B04FC0B000AFC7F8F400D7F8F430AC
:107308005A68CF4B9A4204D940F69961CD4800F0AB
:107318001FFED7F8F430DB68002B0AD0D7F8F4301A
:10732800DB68B3F5005F04D040F69A61C54800F009
:107338000FFED7F8F4301B69002B10D0D7F8F430C3
:107348001B69B3F5806F0AD0D7F8F4301B69B3F521
:10735800C06F04D040F69B61BA4800F0F9FDD7F839
:10736800F4305A694FF6F3731340002B04D1D7F861
:10737800F4305B69002B04D140F69C61B14800F001
:10738800E7FDD7F8F4301B681B6923F44050D7F8A1
:10739800F430D968D7F8F4301A6840EA0103136169
:1073A800D7F8F4309A68D7F8F4301B691A43D7F83D
:1073B800F4305B691A43D7F8F430DB691343C7F834
:1073C800F830D7F8F4301B68DB6823F4164121F055
:1073D8000C01D7F8F4301A68D7F8F8300B43D360AB
:1073E800D7F8F4301B685B6923F44070D7F8F430A1
:1073F8009969D7F8F4301A6840EA01035361D7F85D
:10740800F4301A68904B9A4205D0D7F8F4301A68CD
:107418008E4B9A4204D1FBF7B9F9C7F8FC0003E098
:10742800FBF7A0F9C7F8FC00D7F8F430DB69B3F52F
:10743800004F40F00F81D7F8FC300022C7F8E83041
:10744800C7F8EC20D7E93A4522462B469118B9658A
:107458005B41FB65D7E91623214612EB0108294653
:1074680043EB01094FF000024FF000034FEAC90354
:1074780043EA58734FEAC80290469946234618EBE8
:107488000303C7F8E0302B4649EB0303C7F8E430A1
:10749800D7F8F4305B680022C7F8D830C7F8DC208A
:1074A800D7E936120B46DB183B65134642EB03035C
:1074B8007B65D7E91423D7E93801F9F707FB0246BA
:1074C8000B46634BA3FB02235B091C01D7F8FC3076
:1074D8000022C7F8D030C7F8D420D7E9348942460B
:1074E8004B469118B9645B41FB64D7E912234146C6
:1074F80012EB010A494643EB010B4FF000024FF033
:1075080000034FEACB0343EA5A734FEACA02924692
:107518009B4643461AEB0303C7F8C8304B464BEB70
:107528000303C7F8CC30D7F8F4305B680022C7F8FB
:10753800C030C7F8C420D7E930120B46DB183B64CB
:10754800134642EB03037B64D7E91023D7E93201E2
:10755800F9F7BCFA02460B4611463D4BA3FB012343
:107568005B09642202FB03F3CB1ADB0003F132024E
:10757800374BA3FB02235B095B0003F4F8731C443D
:10758800D7F8FC300022C7F8B830C7F8BC20D7E9D4
:107598002E8942464B469118B9635B41FB63D7E994
:1075A8000E2341465118396349464B417B634FF0DE
:1075B80000024FF00003D7E90CAB5946CB00514607
:1075C80043EA51735146CA001046194603464246DB
:1075D8009B18C7F8B0304B460A4642EB0303C7F87E
:1075E800B430D7F8F4305B680022C7F8A830C7F881
:1075F800AC20D7E92A120B46DB18BB62134642EBD4
:107608000303FB62D7E90A23D7E92C01F9F75EFAED
:1076180002460B460E4BA3FB02135B09642101FBD8
:1076280003F3D31ADB003233094AA2FB03235B09B5
:1076380003F00702D7F8F4301B6822449A6009E186
:10764800A037A000B0DD0008001001400014014080
:107658001F85EB51D7F8FC300022C7F8A030C7F8D7
:10766800A420D7E9288942464B46911839625B41E4
:107678007B62D7E9082341465418494643EB010584
:107688004FF000024FF00003EB0043EA5473E200AE
:1076980014461D464346E318C7F898304B4645EB59
:1076A8000303C7F89C30D7F8F4305B680022C7F8AA
:1076B8009030C7F894204FF000024FF00003D7E94C
:1076C800244529468B00214643EA917321468A00C6
:1076D800D7E92601F9F7FAF902460B46604BA3FBF6
:1076E80002235B091C01D7F8FC300022C7F8883058
:1076F800C7F88C20D7E9228942464B469118B961D0
:107708005B41FB61D7E90623414651183961494677
:107718004B417B614FF000024FF00003D7E904AB07
:107728005946CB00514643EA51735146CA001046A8
:107738001946034642469B18C7F880304B460A460E
:1077480042EB0303C7F88430D7F8F4305B680022B3
:10775800BB67FA674FF000024FF00003D7E91E89B4
:1077680049468B00414643EA917341468A00D7E96E
:107778002001F9F7ABF902460B461146384BA3FB3B
:1077880001235B09642202FB03F3CB1A1B0132338A
:10779800334AA2FB03235B0903F0F0031C44D7F828
:1077A800FC3000223B677A67D7E91C8942464B4682
:1077B8009118B9605B41FB60D7E902234146511833
:1077C800396049464B417B604FF000024FF000039F
:1077D800D7E900AB5946CB00514643EA51735146AD
:1077E800CA0010461946034642469B18BB664B46DC
:1077F8000A4642EB0303FB66D7F8F4305B680022C5
:107808003B667A664FF000024FF00003D7E918890B
:1078180049468B00414643EA917341468A00D7E9BD
:107828001A01F9F753F902460B460D4BA3FB021355
:107838005B09642101FB03F3D31A1B013233084AA5
:10784800A2FB03235B0903F00F02D7F8F4301B688F
:1078580022449A6000BF07F58077BD46BDE8B08F27
:107868001F85EB5180B500AF174B184A1A60164BAD
:1078780003225A60144B00229A60134B0022DA60EC
:10788800114B4FF4A0221A610F4B4FF4C0025A61FA
:107898000D4B00221A760C4B00225A760A4B002216
:1078A8009A76094B0122DA76074B00221A77064BA3
:1078B80001225A770448F9F77BF90346002B01D0D7
:1078C80000F040FB00BF80BD900000200064004035
:1078D80080B500AF174B184A1A60164B03225A603E
:1078E800144B00229A60134B0022DA60114B4FF4BC
:1078F800A0221A610F4B4FF4C0025A610D4B0022AF
:107908001A760C4B00225A760A4B00229A76094BBB
:107918000122DA76074B00221A77064B01225A77A2
:107928000448F9F745F90346002B01D000F00AFB9B
:1079380000BF80BDB80000200068004080B58CB052
:1079480000AF786007F11C0300221A605A609A6041
:10795800DA601A617B681B684A4A93423DD14A4BF8
:107968001B680133484A1360474B1B68012B0DD134
:107978000023BB61454B1B6C444A43F000731364FE
:10798800424B1B6C03F00073BB61BB6900237B6136
:107998003E4B1B6B3D4A43F0080313633B4B1B6B89
:1079A80003F008037B617B690323FB6102233B62CD
:1079B80000237B620323BB620923FB6207F11C03DC
:1079C80019463348FAF7F6FE002201211420FCF785
:1079D80069F81420FCF792F84FE07B681B682D4A81
:1079E80093424AD100233B61284B1B6C274A43F042
:1079F80080631364254B1B6C03F080633B613B6918
:107A0800214B1B680133204A13601F4B1B68012B55
:107A18000DD10023FB601D4B1B6C1C4A43F0007307
:107A280013641A4B1B6C03F00073FB60FB680023A4
:107A3800BB60164B1B6B154A43F002031363134BD1
:107A48001B6B03F00203BB60BB686023FB6102236E
:107A58003B6200237B620323BB620923FB6207F1BD
:107A68001C0319460C48FAF7A5FE00220121412003
:107A7800FCF718F84120FCF741F800BF3037BD4645
:107A880080BD00BF00640040E000002000380240D4
:107A9800000C0240006800400004024080B582B03B
:107AA80000AF00237B601F4B1B6B1E4A43F400137F
:107AB80013631C4B1B6B03F400137B607B68002370
:107AC8003B60184B1B6B174A43F480031363154B39
:107AD8001B6B03F480033B603B68002200210C20F1
:107AE800FBF7E0FF0C20FCF709F800220021392001
:107AF800FBF7D8FF3920FCF701F8002200214520C8
:107B0800FBF7D0FF4520FBF7F9FF002200214620B4
:107B1800FBF7C8FF4620FBF7F1FF00BF0837BD465B
:107B280080BD00BF0038024080B58EB000AF07F1BD
:107B3800240300221A605A609A60DA601A610023EE
:107B48003B62A24B1B6BA14A43F0100313639F4B8C
:107B58001B6B03F010033B623B6A0023FB619B4BEA
:107B68001B6B9A4A43F002031363984B1B6B03F099
:107B78000203FB61FB690023BB61944B1B6B934AB7
:107B880043F040031363914B1B6B03F04003BB614D
:107B9800BB6900237B618D4B1B6B8C4A43F0080348
:107BA80013638A4B1B6B03F008037B617B6900231B
:107BB8003B61864B1B6B854A43F004031363834B7D
:107BC8001B6B03F004033B613B690023FB607F4BA5
:107BD8001B6B7E4A43F0010313637C4B1B6B03F062
:107BE8000103FB60FB680023BB60784B1B6B774A83
:107BF80043F480731363754B1B6B03F48073BB6092
:107C0800BB6800237B60714B1B6B704A43F0800399
:107C180013636E4B1B6B03F080037B607B68002350
:107C28003B606A4B1B6B694A43F020031363674B45
:107C38001B6B03F020033B603B680122032164486F
:107C4800FBF798F800224FF480716248FBF792F82E
:107C5800012210216048FBF78DF801224CF2010146
:107C68005E48FBF787F84FF6FF737B620323BB621E
:107C78000023FB6207F1240319465948FAF79AFDD5
:107C880043F606737B620323BB620023FB6207F1A2
:107C9800240319465148FAF78DFD4BF6FF537B62D2
:107CA8000323BB620023FB6207F1240319464D48F6
:107CB800FAF780FD4BF6FC737B620323BB6200235B
:107CC800FB6207F1240319464748FAF773FD4FF2A0
:107CD800FF237B620323BB620023FB6207F12403BB
:107CE80019463C48FAF766FD49F66F537B62032351
:107CF800BB620023FB6207F1240319463648FAF7F2
:107D080059FD40F6FF737B620323BB620023FB62CD
:107D180007F1240319463548FAF74CFD4FF6FC7372
:107D28007B620323BB620023FB6207F1240319462D
:107D38002F48FAF73FFD03237B620123BB62002330
:107D4800FB6203233B6307F1240319462048FAF733
:107D580031FD4FF480737B620123BB620023FB6219
:107D680000233B6307F1240319461A48FAF722FD5A
:107D78004FF6BC737B620323BB620023FB6207F1EF
:107D8800240319461248FAF715FD10237B620123D4
:107D9800BB620023FB6203233B6307F124031946FC
:107DA8000D48FAF707FD4CF201037B620123BB6221
:107DB8000023FB6203233B6307F1240319460748AA
:107DC800FAF7F8FC00BF3837BD4680BD00380240DE
:107DD8000014024000080240000002400004024073
:107DE8000010024000180240000C0240002002402F
:107DF800001C024080B500AF094B0A4A1A60084BC4
:107E080004225A60064B4FF4C8729A600448FBF784
:107E18002FFF0346002B01D000F094F800BF80BD6F
:107E2800E40000200030004080B500AFFBF78AFE78
:107E380000F01CF8FFF778FEFFF730FEFFF712FDA1
:107E480000F0B2FA00F090F800F038FA00F010FCF8
:107E5800FFF7D0FFFFF73CFD00F0DCFA00F034FC40
:107E680000F0DCFB01F008FB00BFFDE780B594B033
:107E780000AF07F1200330220021184605F04AFD23
:107E880007F10C0300221A605A609A60DA601A61DE
:107E98000023BB60294B1B6C284A43F080531364B2
:107EA800264B1B6C03F08053BB60BB6800237B60D0
:107EB800234B1B68224A43F480431360204B1B6802
:107EC80003F480437B607B6809233B624FF4803373
:107ED8007B6201237B630223BB634FF48003FB6354
:107EE80006233B64A8237B640223BB640423FB644E
:107EF80007F120031846F9F7A9FE0346002B01D025
:107F080000F020F80F23FB6002233B6100237B6114
:107F18004FF4A053BB614FF48053FB6107F10C038E
:107F280005211846FAF7BEF90346002B01D000F0E8
:107F380009F800BF5037BD4680BD00BF0038024079
:107F48000070004080B400AF72B600BF00BFFDE70C
:107F580080B483B000AF7860396000BF0C37BD468D
:107F68005DF8047B7047000080B500AF174B184AD6
:107F78001A60164B4FF482725A60144B00229A60B2
:107F8800124B0022DA60114B02221A610F4B0122B8
:107F98005A610E4B4FF400729A610C4B3822DA6129
:107FA8000A4B00221A62094B00225A62074B002230
:107FB8009A62064B0A22DA620448FBF7E3FE03469C
:107FC800002B01D0FFF7BEFF00BF80BDF0000020EE
:107FD8000030014080B58AB000AF786007F1140323
:107FE80000221A605A609A60DA601A617B681B681E
:107FF800284A934249D100233B61274B5B6C264AB0
:1080080043F480535364244B5B6C03F480533B610B
:108018003B690023FB60204B1B6B1F4A43F00203A4
:1080280013631D4B1B6B03F00203FB60FB6800230B
:10803800BB60194B1B6B184A43F001031363164BC3
:108048001B6B03F00103BB60BB6818237B61022331
:10805800BB610023FB6103233B6205237B6207F1BD
:10806800140319460D48FAF7A5FB80237B61022308
:10807800BB610023FB6103233B6205237B6207F19D
:10808800140319460648FAF795FB00BF2837BD4682
:1080980080BD00BF003001400038024000040240AB
:1080A8000000024080B483B000AF00237B60104B17
:1080B8005B6C0F4A43F4804353640D4B5B6C03F4D1
:1080C80080437B607B6800233B60094B1B6C084A3C
:1080D80043F080531364064B1B6C03F080533B60E2
:1080E8003B6800BF0C37BD465DF8047B704700BF96
:1080F8000038024080B400AF00BFFDE780B400AF95
:1081080000BFFDE780B400AF00BFFDE780B400AF5B
:1081180000BFFDE780B400AF00BFFDE780B400AF4B
:1081280000BFBD465DF8047B704780B400AF00BF58
:10813800BD465DF8047B704780B400AF00BFBD4604
:108148005DF8047B704780B500AFFBF74DFD00BFBD
:1081580080BD000080B500AF0248FBF749F900BFB9
:1081680080BD00BF5C03002080B500AF0248F9F76E
:1081780047FB00BF80BD00BF9000002080B500AF66
:108188000248FEF77DFA00BF80BD00BF6C020020E8
:1081980080B500AF0248FCF769FE00BF80BD00BF94
:1081A8009401002080B500AF0248FBF721F900BF19
:1081B80080BD00BFBC03002080B500AF0248F9F7BE
:1081C8001FFB00BF80BD00BFB800002080B500AF16
:1081D8000248FBF70DF900BF80BD00BF1C0400205A
:1081E80080B500AF0248FBF703F900BF80BD00BFB0
:1081F800FC02002080B500AF0248FEF741FA00BF3C
:1082080080BD00BFB402002080B400AF012318462F
:10821800BD465DF8047B704780B582B000AF7860DA
:10822800396005F0D3FB034616221A604FF0FF337E
:1082380018460837BD4680BD80B582B000AF78606B
:108248004FF0FF317868FFF7E7FF00BFFDE7000058
:1082580080B586B000AF7860144A154BD31A7B619D
:108268007B693B61134B1B68002B02D1114B124AEF
:108278001A60104B1A687B6813443A699A4207D20D
:1082880005F0A4FB03460C221A604FF0FF3309E007
:10829800084B1B68FB60074B1A687B681344054A48
:1082A8001360FB6818461837BD4680BD00000220E1
:1082B80000040000480100207008002080B58EB03E
:1082C80000AF07F1280300221A605A609A60DA604A
:1082D80007F1200300221A605A603B1D00221A6031
:1082E8005A609A60DA601A615A619A612C4B2D4A79
:1082F8001A602B4B53225A60294B00229A60284B54
:108308000022DA60264B00221A61254B00229A616E
:108318002348FCF7ABFA0346002B01D0FFF712FE07
:108328004FF48053BB6207F1280319461C48FDF738
:1083380065F80346002B01D0FFF704FE1848FCF748
:1083480073FC0346002B01D0FFF7FCFD00233B62C2
:1083580000237B6207F1200319461148FDF770FFDF
:108368000346002B01D0FFF7EDFD60237B6000235F
:10837800BB600023FB6000237B613B1D082219467C
:108388000748FCF763FE0346002B01D0FFF7DAFD30
:10839800034800F0E1F800BF3837BD4680BD00BF94
:1083A8004C0100200008004080B582B000AF3B4679
:1083B80000221A605A60154B154A1A60134B532253
:1083C8005A60124B00229A60104B40F2E732DA6092
:1083D8000E4B00229A610D48FCF748FA0346002B21
:1083E80001D0FFF7AFFD00233B6000237B603B46D5
:1083F80019460648FDF724FF0346002B01D0FFF776
:10840800A1FD00BF0837BD4680BD00BF9401002014
:108418000010004080B588B000AF3B1D00221A60F4
:108428005A609A60DA601A615A619A611E4B1F4A53
:108438001A601D4B00225A601B4B00229A601A4B8F
:108448004FF6FF72DA60184B00221A61164B0022B1
:108458009A611548FCF70AFA0346002B01D0FFF78A
:1084680071FD1148FCF7E0FB0346002B01D0FFF734
:1084780069FD60237B600023BB600023FB60002351
:108488007B613B1D002219460748FCF7DFFD0346C8
:10849800002B01D0FFF756FD034800F05DF800BF40
:1084A8002037BD4680BD00BFDC01002000440140EC
:1084B80080B586B000AF78607B681B68224A93421B
:1084C8000ED100237B61214B1B6C204A43F004032F
:1084D80013641E4B1B6C03F004037B617B692EE065
:1084E8007B681B681A4A934216D100233B61174BDD
:1084F8001B6C164A43F010031364144B1B6C03F0F7
:1085080010033B613B69002202213620FBF7CAFABF
:108518003620FBF7F3FA12E07B681B680D4A93429A
:108528000DD10023FB60094B5B6C084A43F4003310
:108538005364064B5B6C03F40033FB60FB6800BFBD
:108548001837BD4680BD00BF000800400038024013
:10855800001000400044014080B58AB000AF786048
:1085680007F1140300221A605A609A60DA601A61EF
:108578007B681B68244A93421FD100233B61234B2D
:108588001B6B224A43F008031363204B1B6B03F059
:1085980008033B613B694FF480437B610223BB6165
:1085A8000023FB6100233B6202237B6207F1140373
:1085B80019461748FAF7FEF822E07B681B68154A47
:1085C80093421DD10023FB60104B1B6B0F4A43F0F5
:1085D800200313630D4B1B6B03F02003FB60FB6848
:1085E80040237B610223BB610023FB6100233B62C4
:1085F80003237B6207F1140319460748FAF7DAF8F0
:1086080000BF2837BD4680BD000800400038024042
:10861800000C0240004401400014024080B500AF45
:10862800114B124A1A60104B4FF47A325A600E4BB3
:1086380000229A600C4B0022DA600B4B00221A6170
:10864800094B0C225A61084B00229A61064B002202
:10865800DA610548FDF7E6FE0346002B01D0FFF777
:1086680071FC00BF80BD00BF240200200010014043
:1086780080B500AF114B124A1A60104B114A5A606C
:108688000E4B4FF480529A600C4B0022DA600B4B71
:108698004FF480621A61094B04225A61074B002289
:1086A8009A61064B0022DA610448FDF7BBFE0346D7
:1086B800002B01D0FFF746FC00BF80BD6C020020F4
:1086C80000480040A086010080B500AF114B124A57
:1086D8001A60104B4FF4E1325A600E4B00229A6038
:1086E8000C4B0022DA600B4B00221A61094B0C225A
:1086F8005A61084B00229A61064B0022DA6105484C
:10870800FDF790FE0346002B01D0FFF71BFC00BFCE
:1087180080BD00BFB40200200014014080B58EB0B7
:1087280000AF786007F1240300221A605A609A604B
:10873800DA601A617B681B68744A93427AD1002315
:108748003B62734B5B6C724A43F010035364704B8B
:108758005B6C03F010033B623B6A0023FB616C4BCC
:108768001B6B6B4A43F002031363694B1B6B03F0EB
:108778000203FB61FB690023BB61654B1B6B644A09
:1087880043F001031363624B1B6B03F00103BB61EE
:10879800BB6980237B620223BB620023FB62032345
:1087A8003B6307237B6307F1240319465948FAF70B
:1087B80001F84FF400737B620223BB620023FB6263
:1087C80003233B6307237B6307F1240319465248BD
:1087D800F9F7F0FF514B524A1A60504B4FF00062C4
:1087E8005A604E4B40229A604C4B0022DA604B4B49
:1087F8004FF480621A61494B00225A61474B0022AC
:108808009A61464B0022DA61444B4FF400321A62F7
:10881800424B00225A624148FAF7D8FA0346002B25
:1088280001D0FFF78FFB7B683C4A9A633B4A7B6821
:10883800936318E17B681B683A4A93427AD1002314
:108848007B61334B1B6C324A43F480231364304BF7
:108858001B6C03F480237B617B6900233B612C4BF9
:108868001B6B2B4A43F004031363294B1B6B03F068
:1088780004033B613B694FF440637B620223BB62A4
:108888000023FB6203233B6307237B6307F1240375
:1088980019462548F9F78EFF244B254A1A60234BC1
:1088A8004FF000625A60214B00229A601F4B002251
:1088B800DA601E4B4FF480621A611C4B00225A6129
:1088C8001A4B00229A61194B4FF48072DA61174BE8
:1088D8004FF440321A62154B00225A621348FAF7D5
:1088E80075FA0346002B01D0FFF72CFB7B680F4A73
:1088F800DA630E4A7B689363002200212720FBF786
:10890800D1F82720FBF7FAF8ADE000BF00100140CE
:10891800003802400004024000000240FC0200202F
:10892800B864024000480040000802405C03002090
:10893800286002407B681B684D4A934240F0938050
:108948000023FB604B4B5B6C4A4A43F020035364A3
:10895800484B5B6C03F02003FB60FB680023BB60A3
:10896800444B1B6B434A43F040031363414B1B6B5F
:1089780003F04003BB60BB684FF484437B6202236F
:10898800BB620023FB6203233B6308237B6307F17D
:10899800240319463848F9F70DFF384B384A1A604E
:1089A800364B4FF020625A60344B00229A60334BAA
:1089B8000022DA60314B4FF480621A612F4B00229B
:1089C8005A612E4B00229A612C4B0022DA612B4B04
:1089D8004FF440321A62294B00225A622748FAF7AC
:1089E800F5F90346002B01D0FFF7ACFA7B68234A60
:1089F800DA63224A7B689363224B234A1A60214B2D
:108A08004FF020625A601F4B40229A601D4B002293
:108A1800DA601C4B4FF480621A611A4B00225A61CB
:108A2800184B00229A61174B0022DA61154B4FF45C
:108A380040321A62134B00225A621248FAF7C6F9FA
:108A48000346002B01D0FFF77DFA7B680D4A9A6335
:108A58000C4A7B689363002200214720FBF722F829
:108A68004720FBF74BF800BF3837BD4680BD00BF35
:108A7800001401400038024000180240BC030020E6
:108A8800286402401C040020A064024080B487B01F
:108A980000AF786187ED040AC7ED030A87ED021A73
:108AA8000B46FB711346BB717B693A691A607B6997
:108AB800FA685A607B69BA689A607B694FF000026D
:108AC800DA607B694FF000021A617B6900229A82A2
:108AD8007B694FF000029A617B694FF00002DA610E
:108AE8007B69084A1A627B69BA7983F824207B6912
:108AF800FA7983F825207B6918461C37BD465DF84E
:108B0800047B70476F12833A80B483B000AF7860FB
:108B180087ED000A7B6893F9243007EE903AB8EEA7
:108B2800E77AD7ED007A67EE277A7B68C3ED077A94
:108B380000BF0C37BD465DF8047B704780B483B036
:108B480000AF786087ED000A7B683A689A6100BFD9
:108B58000C37BD465DF8047B7047000080B485B0D3
:108B680000AF78607B6893ED077A7B68D3ED067A6F
:108B780077EE677AC7ED037A7B6893ED037A7B68B3
:108B8800D3ED086AD7ED037A66EEA77A77EE277AEF
:108B98007B68C3ED037A7B68D3ED047A97ED037A9B
:108BA80077EE676A7B6893ED087AC6EE877AC7ED39
:108BB800027A7B6893ED007AD7ED037A27EE277A5D
:108BC8007B68D3ED016A7B68D3ED037A66EEA77AFA
:108BD80037EE277A7B68D3ED026AD7ED027A66EE24
:108BE800A77A77EE277AFDEEE77A17EE903A1AB26F
:108BF8007B689A827B68FA681A617B68B3F91430DB
:108C0800B3F5804F03DD7B684FF480429A827B681E
:108C1800B3F9143013F5804F03DA7B684FF4404200
:108C28009A827B6893F82530013B032B46D801A232
:108C380052F823F04D8C00086B8C0008898C0008D2
:108C4800A78C00087B68B3F914301B121BB2DAB288
:108C58001D4B1A707B68B3F91430DAB21A4B5A708C
:108C68002CE07B68B3F914301B121BB2DAB2164B36
:108C78009A707B68B3F91430DAB2134BDA701DE0DE
:108C88007B68B3F914301B121BB2DAB20E4B1A719F
:108C98007B68B3F91430DAB20B4B5A710EE07B687B
:108CA800B3F914301B121BB2DAB2074B9A717B6806
:108CB800B3F91430DAB2044BDA7100BF00BF1437CD
:108CC800BD465DF8047B70477C04002080B483B007
:108CD80000AF87ED010AD7ED017AF0EEE77AB0EE42
:108CE800670A0C37BD465DF8047B704780B489B0CD
:108CF80000AFF86187ED060AC7ED050A87ED041A8B
:108D0800C7ED031A87ED022AC7ED012AFB69BA6984
:108D18001A60FB697A695A60FB693A699A60FB696B
:108D28004FF00002DA60FB694FF000021A61FB693C
:108D38004FF000025A61FB694FF000029A61FB692B
:108D48004FF00002DA61FB694FF000021A62FB691A
:108D5800FA685A62FB69BA689A62FB697A68DA62E9
:108D6800FB69044A1A63FB6918462437BD465DF857
:108D7800047B70476F12833A80B485B000AFF86007
:108D880087ED020AC7ED010A87ED001AFB68BA6889
:108D98001A60FB687A685A60FB683A689A6000BF94
:108DA8001437BD465DF8047B7047000000000000E2
:108DB80080B586B000AFF86087ED020AC7ED010AFA
:108DC800FB68BA681A60FB687A685A606A4BD3ED28
:108DD800057A9FED6A7A77EE877AC7ED057A97ED7F
:108DE800050AFFF773FFF0EE407A9FED657AF4EE1F
:108DF800C77AF1EE10FA4CBF01230023DBB2002B37
:108E080002D04FF000037B617869F7F71DFB54A38C
:108E1800D3E90023F7F700FE0346002B10D078694A
:108E2800F7F712FB50A3D3E90023F7F7ADF9024691
:108E38000B4610461946F7F7F9FD03467B611AE021
:108E48007869F7F701FB4AA3D3E90023F7F7C6FDD2
:108E58000346002B0FD07869F7F7F6FA42A3D3E957
:108E68000023F7F793F902460B4610461946F7F721
:108E7800DDFD03467B61FB6893ED087AFB68D3ED63
:108E88000C6AD7ED057A66EEA77A77EE277AFB6843
:108E9800C3ED087AFB68D3ED077A97ED057A77EE8C
:108EA800676AFB6893ED0C7AC6EE877AC7ED047A99
:108EB800FB6893ED097AD7ED057A27EE277AFB68E8
:108EC800D3ED0A6AFB68D3ED087A66EEA77A37EE27
:108ED800277AFB68D3ED0B6AD7ED047A66EEA77A9A
:108EE80077EE277AFB68C3ED027AFB68D3ED027A46
:108EF800B0EE670AFFF7EAFEF0EE407A9FED217ABE
:108F0800F4EEC77AF1EE10FA4CBF01230023DBB26E
:108F1800002B03D0FB684FF000029A60FB68D3ED8A
:108F2800027AB2EE047AF4EEC77AF1EE10FA03DDB3
:108F3800FB68154A9A600CE0FB68D3ED027ABAEE3A
:108F4800047AF4EEC77AF1EE10FA02D5FB680F4AFC
:108F58009A60FB687A69DA6100BF1837BD4680BD40
:108F6800182D4454FB210940182D4454FB21194065
:108F7800182D4454FB2109C0100600206666663F80
:108F88008FC2F53CCDCCCC3D00002041000020C173
:108F980080B582B000AF78607B6893ED007A7B681B
:108FA800D3ED017A37EE277A7B68D3ED027ADFEDCD
:108FB8005E6A67EEA66AB0EE006AC6EE867A77EE5B
:108FC800677A7B68C3ED037A7B6893ED007A7B68E8
:108FD800D3ED017A37EE677A7B68D3ED027ADFED5D
:108FE800526A67EEA66AB0EE006AC6EE867A77EE37
:108FF800277A7B68C3ED067A7B6893ED007A7B68F5
:10900800D3ED017A37EE677A7B68D3ED027ADFED2C
:10901800466A67EEA66AB0EE006AC6EE867A77EE12
:10902800677A7B68C3ED047A7B6893ED007A7B6886
:10903800D3ED017A37EE277A7B68D3ED027ADFED3C
:109048003A6A67EEA66AB0EE006AC6EE867A77EEEE
:10905800277A7B68C3ED057A7B6893ED037ADFEDA9
:10906800336AC7EE267A9FED327A67EE877A9FEDEC
:10907800317A67EE877AB0EE670A2F48FFF744FD2A
:109088007B6893ED047ADFED296AC7EE267A9FEDB7
:10909800287A67EE877A9FED277A67EE877AB0EEAF
:1090A800670A2648FFF730FD7B6893ED057ADFED08
:1090B8001F6AC7EE267A9FED1E7A67EE877A9FEDC4
:1090C8001D7A67EE877AB0EE670A1D48FFF71CFD28
:1090D8007B6893ED067ADFED156AC7EE267A9FED79
:1090E800147A67EE877A9FED137A67EE877AB0EE87
:1090F800670A1448FFF708FD0F48FFF72FFD0F48D0
:10910800FFF72CFD0E48FFF729FD0E48FFF726FD57
:1091180008234FF400720C490C4803F015F800BFFF
:109128000837BD4680BD00BFA8C64B3F2DB29D3E47
:10913800D00F494000007042AC040020D404002045
:10914800FC040020240500207C040020B800002036
:1091580080B586B000AFF86087ED020AC7ED010A56
:10916800FB684FF000021A60FB687A689A60FB6837
:10917800BA68DA60FB68DB681846F7F765F915A383
:10918800D3E90023F7F7B8F902460B464FF0000081
:109198000F49F7F7DBFA02460B4610461946F7F770
:1091A80045FC03467B61FB68D3ED026AFB6893EDDF
:1091B800027AD7ED057A37EE277AC6EE877AFB680A
:1091C800C3ED017AFB6818461837BD4680BD00BF5D
:1091D8000000F03F182D4454FB21194080B483B09F
:1091E80000AF7860044A7B681A607B6818460C37C1
:1091F800BD465DF8047B7047C4DE000880B483B0C8
:1092080000AF7860044A7B681A607B6818460C37A0
:10921800BD465DF8047B7047C4DE000880B582B0A7
:1092280000AF78607868FFF7E9FF2421786803F0D9
:10923800A1F97B6818460837BD4680BD80B483B065
:1092480000AF78607B685B6807EE903AB0EE670A1B
:109258000C37BD465DF8047B704780B483B000AF1F
:1092680078607B689B6807EE903AB0EE670A0C3727
:10927800BD465DF8047B704780B483B000AF78606A
:109288007B68DB6807EE903AB0EE670A0C37BD469C
:109298005DF8047B704780B483B000AF78607B686A
:1092A8001B6907EE903AB0EE670A0C37BD465DF8C9
:1092B800047B704780B483B000AF78607B681B7E06
:1092C80018460C37BD465DF8047B704780B483B000
:1092D80000AF78607B685B7E18460C37BD465DF84A
:1092E800047B704780B582B000AF87ED010A97ED27
:1092F800010A03F089F9F0EE407AB0EE670A083700
:10930800BD4680BD80B582B000AF87ED010A97EDFC
:10931800010A03F0B9F9F0EE407AB0EE670A0837AF
:10932800BD4680BD80B483B000AF78607B68002202
:109338001A707B680C225A707B6808229A707B68C6
:109348000122DA707B6802221A717B6818460C3792
:10935800BD465DF8047B704780B483B000AF786089
:10936800044A7B681A607B6818460C37BD465DF86E
:10937800047B7047B4DE000880B582B000AF786027
:109388007868FFF7E9FF4C21786803F0F3F87B6809
:1093980018460837BD4680BDB0B582B000AF7860CA
:1093A800134A7B681A607B6800225A607B68002237
:1093B8009A607B680122DA607B6800221A617B6808
:1093C80001225A617B6818331846FFF7ABFF7B68A8
:1093D800084A03F1200415460FCD0FC40FCD0FC462
:1093E8002B6823607B6818460837BD46B0BD00BFB0
:1093F800B4DE000800DE000880B582B000AF134B71
:109408001B681846FFF738FF87ED010A1020B7EEF2
:10941800001AFFEE000A97ED010A02F0C5FE0346A6
:109428007B807B881B0A9BB2DAB2094B1A707B8857
:10943800DAB2074B5A7008234FF48A720449054878
:1094480002F082FE00BF0837BD4680BD0C06002032
:10945800C80600209000002098B500AF242003F033
:109468008BF803461C462046FFF7B8FE014B1C60EC
:1094780000BF98BD0C060020B0B592B000AFFFF752
:10948800EBFF354802F046FC3348F7F7FBFE0221B4
:109498003148F8F783F9314802F03CFC2F48F7F7D8
:1094A800F1FE10212D48F8F779F912222C492D48A0
:1094B800FDF78CF82C48FBF7F1FA2C4B07F1340434
:1094C8001D460FCD0FC42B682360294B7B63294BA6
:1094D800BB631023FB63284B3B6401237B64274B4E
:1094E80007F110041D460FCD0FC40FCD0FC42B6814
:1094F8002360234A07F1080392E803001860043345
:10950800197002233B720C237B720823BB72012360
:10951800FB7202233B7307F1080307F1100207F1FE
:109528003401184801F036FE0121164801F06EFE9C
:1095380000220321144802F09CFE3B4600221A60D8
:109548005A60394608234FF40072044802F0FCFDC3
:1095580000BF4837BD46B0BD90000020B8000020CD
:10956800F80500206C0200209401002024DE000889
:10957800F0000020000002400004024000DE000865
:1095880038DE0008800500201006002080B52DED8B
:10959800048B84B000AFC54B1B680133C34A13600A
:1095A800C24B1B68B3F57A7F22D2C14B1B881A467F
:1095B8000321C04802F0F4FE07F1080300221A60F4
:1095C8005A6007F1080108234FF40072BA4802F004
:1095D800BBFD9FEDBA2ADFEDB91A9FEDB81ADFED92
:1095E800B70A9FEDB60A0321B24802F001FF66E20E
:1095F800AE4B1B68B3F57A7F09D3B14B1B6818468D
:10960800FFF764FE0346032B01D1012300E000238A
:10961800002B00F01582A64B1B881A460321A5488B
:1096280002F0BEFE0023A74AA749A84801F019FE88
:10963800A44AA549A64801F0A5FBA649A44801F0FB
:1096480075FA9B4BD3ED057A9FEDA37A77EE877A6F
:10965800B0EE670A00F074FBF0EE407A9F4BC3ED62
:10966800007A974B1B681846FFF724FE0346012B28
:109678000CBF01230023DBB2002B00F08380904B4A
:109688001B681846FFF707FEF0EE407A9FED947AC4
:1096980067EE877A934B93ED007A77EE677A914B72
:1096A800C3ED007A8F4BD3ED007AB0EE670A00F075
:1096B80047FBF0EE407A8B4BC3ED007A804B1B687A
:1096C8001846FFF7BBFDF0EE407AB2EE047A27EEBB
:1096D800878A824BD3ED007AB0EE670AFFF702FE65
:1096E800F0EE407A28EE278A754B1B681846FFF77C
:1096F800B4FDF0EE407AB2EE047A67EE878A774BD3
:10970800D3ED007AB0EE670AFFF7FCFDF0EE407A81
:1097180068EEA77A38EE279A694B1B681846FFF758
:109728009CFDF0EE407AB2EE047A27EE878A6B4B06
:10973800D3ED007AB0EE670AFFF7D4FDF0EE407A79
:1097480028EE278A5E4B1B681846FFF777FDF0EE78
:10975800407AB2EE047A67EE878A604BD3ED007ADE
:10976800B0EE670AFFF7CEFDF0EE407A68EEA77A12
:1097780078EE677AF0EE670AB0EE490A5A48FFF7C2
:1097880017FB47E14E4B1B681846FFF793FD03464E
:10979800032B0CBF01230023DBB2002B00F0A880B1
:1097A800474B1B681846FFF776FDF0EE407A9FEDB1
:1097B8004F7A67EE877A4B4B93ED007A77EE677AAC
:1097C800484BC3ED007A474BD3ED007AB0EE670AF9
:1097D80000F0B6FAF0EE407A424BC3ED007A384B0F
:1097E8001B681846FFF72AFDF0EE407AB2EE047ABD
:1097F80027EE878A394BD3ED007AB0EE670AFFF778
:1098080071FDF0EE407A28EE278A2D4B1B6818462A
:10981800FFF723FDF0EE407AB2EE047A67EE878A0E
:109828002E4BD3ED007AB0EE670AFFF76BFDF0EE32
:10983800407A68EEA77A38EE279A214B1B681846BB
:10984800FFF70BFDF0EE407AB2EE047A27EE878A36
:10985800224BD3ED007AB0EE670AFFF743FDF0EE36
:10986800407A28EE278A164B1B681846FFF7E6FC55
:10987800F0EE407AB2EE047A67EE878A174BD3EDA2
:10988800007AB0EE670AFFF73DFDF0EE407A68EE29
:10989800A77A78EE677A9FED091AF0EE670AB0EEBC
:1098A800490A1148FFF768FAB4E000BFA80400208D
:1098B8001006002090000020B800002000000000E2
:1098C8000C060020900400209C0400208005002045
:1098D800CC050020840400206666663FA0060020B0
:1098E8006F12033B9C0600204C050020A69B443BBE
:1098F800764B1B681846FFF7DDFC0346022B0CBFAE
:1099080001230023DBB2002B00F084806F4B1B681F
:109918001846FFF7C0FCF0EE407A9FED6D7A67EECF
:10992800877A6C4B93ED007A77EE677A694BC3EDD3
:10993800007A684BD3ED007AB0EE670A00F000FABF
:10994800F0EE407A634BC3ED007A604B1B68184613
:10995800FFF774FCF0EE407AB2EE047A27EE878ABD
:109968005D4BD3ED007AB0EE670AFFF7BBFCF0EE73
:10997800407A28EE278A554B1B681846FFF76DFC7E
:10998800F0EE407AB2EE047A67EE878A524BD3ED56
:10999800007AB0EE670AFFF7B5FCF0EE407A68EEA1
:1099A800A77A38EE279A494B1B681846FFF755FCEB
:1099B800F0EE407AB2EE047A27EE878A464BD3ED72
:1099C800007AB0EE670AFFF78DFCF0EE407A28EED9
:1099D800278A3E4B1B681846FFF730FCF0EE407AAA
:1099E800B2EE047A67EE878A3B4BD3ED007AB0EE8D
:1099F800670AFFF787FCF0EE407A68EEA77A78EE00
:109A0800677AB2EE041AF0EE670AB0EE490A3348F4
:109A1800FFF7B2F92F4BD3ED007AB0EE670A304862
:109A280000F0B8FB4FF480712D4800F035FA2B4850
:109A3800FFF7AEFA2B4B00229A70FFF7DDFC3EE0F1
:109A4800294B1B68B3F57A7F11D3204B1B68184646
:109A5800FFF73CFC0346012B07D01C4B1B6818463C
:109A6800FFF734FC0346022B01D1012300E0002359
:109A7800002B24D03B4600221A605A60394608233E
:109A88004FF40072194802F05FFB9FED192ADFEDD1
:109A9800181A9FED171ADFED160A9FED150A032114
:109AA800144802F0A5FC0F4BFF229A70124B9B68DA
:109AB800084A13600A4800F07CFBFFF79DFC00BFD2
:109AC8001037BD46BDEC048B80BD00BF0C060020DE
:109AD800A69B443B9C060020A00600204C050020C5
:109AE80038060020C8060020A8040020B80000207E
:109AF8000000000090000020A406002080B582B07D
:109B080000AF78607B68044A934201D1FFF73EFDBD
:109B180000BF0837BD4680BD9401002080B582B0E3
:109B280000AF78600B467B807B680C4A934210D16B
:109B38007B88122B08D10A48FAF714F9094B1B68DD
:109B48000949184601F0CEFF122207490348FCF7DD
:109B58003DFD00BF0837BD4680BD00BF6C02002038
:109B6800E40000200C060020F805002080B483B033
:109B780000AF7860044A7B681A607B6818460C3727
:109B8800BD465DF8047B7047A0DE000880B582B052
:109B980000AF78607868FFF7E9FF1421786802F071
:109BA800E9FC7B6818460837BD4680BD80B582B0A1
:109BB80000AF7860054A7B681A607B681846FFF733
:109BC800D5FF7B6818460837BD4680BDFCDE000817
:109BD80080B582B000AF78607868FFF7E7FF2C2186
:109BE800786802F0C7FC7B6818460837BD4680BD18
:109BF80080B500AF012201219FED391AF1EE040A68
:109C0800B0EE080A3748FEF741FF012202219FED16
:109C1800361AF1EE040AB0EE080A3448FEF736FFA9
:109C28004FF0FF3203219FED2E1AF1EE040AB0EE39
:109C3800080A2F48FEF72AFF4FF0FF3204219FED54
:109C4800281AF1EE040AB0EE080A2A48FEF71EFFA9
:109C5800DFED232AB6EE002AF1EE041A9FED261A4C
:109C6800DFED250A9FED240A2448FFF73FF8244832
:109C7800FFF792FB234A2449214802F076FC9FED26
:109C88001E1AF6EE000A9FED210A214801F03CF861
:109C98001C4A20491E4802F068FCF0EE003A9FED8D
:109CA800163AF0EE082AB7EE002ADFED1B1AB1EEDD
:109CB800001ADFED110A9FED100A184800F094F819
:109CC800DFED170A9FED170A1748FFF741FADFED96
:109CD800140AB1EE040A1548FFF73AFA00BF80BD2E
:109CE800CDCCCC3DAC040020AE47E13DD4040020EF
:109CF800FC04002024050020000000004C05002082
:109D080080050020000000206193000800007A44CC
:109D1800CC050020B59B0008CDCCCC3E38060020F1
:109D28006F12833A000048427C0600208C0600200F
:109D380080B500AFFFF75CFF80BD000000000000A9
:109D480080B582B000AF87ED010A0FE07868F6F7BA
:109D58007BFB1FA3D3E90023F6F716FA02460B464E
:109D680010461946F6F762FE03467B607868F6F7F8
:109D78006BFB19A3D3E90023F6F74EFE0346002B2D
:109D8800E4D10FE07868F6F75FFB11A3D3E900236D
:109D9800F6F7FCF902460B4610461946F6F746FE5A
:109DA80003467B607868F6F74FFB0DA3D3E90023E1
:109DB800F6F714FE0346002BE4D17B6807EE903AD1
:109DC800B0EE670A0837BD4680BD00BFAFF300801C
:109DD800182D4454FB211940182D4454FB210940E7
:109DE800182D4454FB2109C080B48BB000AF7862B1
:109DF80087ED080AC7ED070A87ED061AC7ED051AA9
:109E080087ED042AC7ED032A87ED023AC7ED013A28
:109E18007B6A3A6A1A607B6AFA695A607B6ABA692D
:109E28009A607B6A7A69DA607B6A3A691A617B6A46
:109E3800184A5A617B6A4FF000029A617B6A4FF0B8
:109E48000002DA617B6A4FF000021A627B6AFA68E4
:109E58005A627B6ABA689A627B6A7A68DA627B6A53
:109E68004FF000021A637B6A4FF000025A637B6A64
:109E78004FF000029A637B6A4FF00002DA637B6A54
:109E88004FF000021A647B6A18462C37BD465DF80D
:109E9800047B70476F12833A80B586B000AF786054
:109EA8000B467B80B34BD3ED027AB0EE670AFFF71F
:109EB80047FFF0EE407A7B68C3ED017A7B6893ED4B
:109EC800007A7B68D3ED017A77EE677AB0EE670A9D
:109ED800FFF736FF87ED050A97ED050AFEF7F6FE50
:109EE800F0EE407A9FEDA47AF4EEC77AF1EE10FA1C
:109EF8004CBF01230023DBB2002B02D04FF000033C
:109F08007B617B6893ED067A7B68D3ED056AD7EDB4
:109F1800057A66EEA77A77EE277A7B68C3ED067A2C
:109F28007B68D3ED067AB6EE007AF4EEC77AF1EEE6
:109F380010FA04DD7B684FF07C529A610DE07B6873
:109F4800D3ED067ABEEE007AF4EEC77AF1EE10FA97
:109F580003D57B684FF03F429A617B68D3ED077A5F
:109F680097ED057A77EE676A7B6893ED057AC6EE1A
:109F7800877AC7ED037A7B6893ED027AD7ED057A85
:109F880027EE277A7B68D3ED046A7B68D3ED067ADF
:109F980066EEA77A37EE277A7B68D3ED036AD7EDAA
:109FA800037A66EEA77A77EE277A7B68C3ED087A9C
:109FB8007B68D3ED087AB1EE087AF4EEC77AF1EE51
:109FC80010FA03DD7B686D4A1A620CE07B68D3EDFA
:109FD800087AB9EE087AF4EEC77AF1EE10FA02D5EB
:109FE8007B68674A1A62634B5A697B689A637B8805
:109FF800B3F5807F0AD17B6893ED087A7B68D3ED4F
:10A008000E7A77EE677AC7ED047A11E07B88B3F5AC
:10A01800007F0DD17B6893ED0F7A7B68D3ED0E7AC4
:10A0280077EE677AC7ED047A7B684FF000021A6210
:10A0380097ED040AFEF74AFEF0EE407A9FED4E7A5D
:10A04800F4EEC77AF1EE10FA4CBF01230023DBB21D
:10A05800002B02D04FF000033B617B6893ED0C7A34
:10A068007B68D3ED056AD7ED047A66EEA77A77EEBA
:10A07800277A7B68C3ED0C7A7B68D3ED0C7AB6EE51
:10A08800007AF4EEC77AF1EE10FA04DD7B684FF03F
:10A098007C521A630DE07B68D3ED0C7ABEEE007A31
:10A0A800F4EEC77AF1EE10FA03D57B684FF03F4221
:10A0B8001A637B68D3ED0D7A97ED047A77EE676AB9
:10A0C8007B6893ED057AC6EE877AC7ED027A7B68DE
:10A0D80093ED097AD7ED047A27EE277A7B68D3EDDA
:10A0E8000B6A7B68D3ED0C7A66EEA77A37EE277A8F
:10A0F8007B68D3ED0A6AD7ED027A66EEA77A77EE27
:10A10800277A7B68C3ED107A7B68D3ED107AB1EEBD
:10A11800047AF4EEC77AF1EE10FA03DD7B68194A87
:10A128001A640CE07B68D3ED107AB9EE047AF4EE89
:10A13800C77AF1EE10FA02D57B68134A1A647B6875
:10A14800D3ED107AB0EE672ADFED101A9FED0F1AE3
:10A15800DFED0E0A9FED0D0A03210D4802F048F9C4
:10A168007B687A69DA617B683A695A6300BF183795
:10A17800BD4680BDA40600206F12833A0000C0408F
:10A188000000C0C00000A0400000A0C00000000007
:10A198009000002080B483B000AF786087ED000A9B
:10A1A8007B683A681A6000BF0C37BD465DF8047BCF
:10A1B800704780B483B000AF78607B684FF00002CE
:10A1C8009A617B684FF00002DA617B684FF0000209
:10A1D8001A637B684FF000025A637B684FF00002F5
:10A1E8001A627B684FF000021A6400BF0C37BD4644
:10A1F8005DF8047B704780B487B000AFF860B96041
:10A208007A603B603B687B6113E0FB681A1DFA606B
:10A2180093ED007ABB681A1DBA60D3ED007A7B68AB
:10A228001A1D7A6077EE277AC3ED007A7B69013BC5
:10A238007B617B69002BE8D100BF00BF1C37BD469E
:10A248005DF8047B704780B487B000AFF86087ED95
:10A25800020A79603A603B687B6110E0FB681A1D6E
:10A26800FA6093ED007A7B681A1D7A60D7ED027A5E
:10A2780067EE277AC3ED007A7B69013B7B617B69D6
:10A28800002BEBD100BF00BF1C37BD465DF8047B37
:10A298007047000080B4A1B000AF87ED030AC7ED96
:10A2A800020A7860D7ED027AF5EEC07AF1EE10FA7C
:10A2B80040F38E80D7ED036A97ED027AC6EE877A6F
:10A2C800C7ED1F7A0023BB674FF000037B67D7ED0C
:10A2D8001F7AF5EEC07AF1EE10FA07D50123BB67B5
:10A2E800D7ED1F7AF1EE677AC7ED1F7AD7ED1F7A9F
:10A2F800B7EE007AF4EEC77AF1EE10FA31DDF7EE38
:10A30800006A97ED1F7AC6EE877AC7ED1F7AFB6F52
:10A318003B67B54BFB660123BB660123BB6614E0B4
:10A3280097ED1C7AD7ED1B7A27EE277ABB6EC3F11F
:10A338000903AE4A9B001344D3ED007A77EE277ADF
:10A34800C7ED1B7ABB6E0133BB66BB6E092BE7DD1D
:10A35800D7ED1B7A9FEDA67A77EE677AC7ED1D7A5F
:10A3680028E0FB6F7B66A04B3B660123FB6501235E
:10A37800FB6514E097ED197AD7ED187A27EE277A5E
:10A38800FB6DC3F10903994A9B001344D3ED007A8E
:10A3980077EE277AC7ED187AFB6D0133FB65FB6D05
:10A3A800092BE7DDD7ED187A97ED1D7A77EE277A36
:10A3B800C7ED1D7ABB6F002B05D0D7ED1D7AF1EEE6
:10A3C800677AC7ED1D7A7A6F7B681A60002375E19A
:10A3D800D7ED027AF5EEC07AF1EE10FA40F14D8130
:10A3E800D7ED037AF5EEC07AF1EE10FA40F39380D8
:10A3F800D7ED036A97ED027AC6EE877AC7ED167A2B
:10A4080000237B654FF000033B65D7ED167AF5EE28
:10A41800C07AF1EE10FA07D501237B65D7ED167ADD
:10A42800F1EE677AC7ED167AD7ED167AB7EE007AAD
:10A43800F4EEC77AF1EE10FA31DDF7EE006A97ED27
:10A44800167AC6EE877AC7ED167ABB6DFB64664B43
:10A45800BB6401237B6401237B6414E097ED137ACA
:10A46800D7ED127A27EE277A7B6CC3F109035F4A8E
:10A478009B001344D3ED007A77EE277AC7ED127A62
:10A488007B6C01337B647B6C092BE7DDD7ED127A9B
:10A498009FED577A77EE677AC7ED147A28E0BB6D9F
:10A4A8003B64514BFB630123BB630123BB6314E093
:10A4B80097ED107AD7ED0F7A27EE277ABB6BC3F1A9
:10A4C80009034A4A9B001344D3ED007A77EE277AB2
:10A4D800C7ED0F7ABB6B0133BB63BB6B092BE7DDA1
:10A4E800D7ED0F7A97ED147A77EE277AC7ED147ABD
:10A4F8007B6D002B05D0D7ED147AF1EE677AC7EDA6
:10A50800147AD7ED147A9FED3B7A77EE877A7B68D9
:10A51800C3ED007AAFE0D7ED037AF5EEC07AF1EE3D
:10A5280010FA40F19C80D7ED036A97ED027AC6EEE7
:10A53800877AC7ED0D7A00233B634FF00003FB6277
:10A54800D7ED0D7AF5EEC07AF1EE10FA07D50123B2
:10A558003B63D7ED0D7AF1EE677AC7ED0D7AD7ED4B
:10A568000D7AB7EE007AF4EEC77AF1EE10FA31DD23
:10A57800F7EE006A97ED0D7AC6EE877AC7ED0D7A89
:10A588007B6BBB62184B7B6201233B6201233B62FE
:10A5980014E097ED0A7AD7ED097A27EE277A3B6A15
:10A5A800C3F10903114A9B001344D3ED007A77EEF7
:10A5B800277AC7ED097A3B6A01333B623B6A092B6C
:10A5C800E7DDD7ED097A9FED0A7A77EE677AC7ED6E
:10A5D8000B7A31E07B6BFB61034BBB6101237B6131
:10A5E80001237B611DE000BFA59204BDCCDE0008FD
:10A5F800DB0FC93FDB0F494097ED077AD7ED067AA5
:10A6080027EE277A7B69C3F109032F4A9B0013447D
:10A61800D3ED007A77EE277AC7ED067A7B690133A6
:10A628007B617B69092BE7DDD7ED067A97ED0B7A1D
:10A6380077EE277AC7ED0B7A3B6B002B05D0D7ED69
:10A648000B7AF1EE677AC7ED0B7AD7ED0B7A9FEDAF
:10A658001F7A77EEC77A7B68C3ED007A0BE0FB6858
:10A6680003F00043002B03D07B68194A1A6002E00C
:10A678007B68184A1A60002320E0D7ED027AF5EECD
:10A68800407AF1EE10FA17D1D7ED037AF5EEC07AD9
:10A69800F1EE10FA04DD7B680F4A1A6000230DE022
:10A6A800D7ED037AF5EEC07AF1EE10FA04D57B689F
:10A6B8000A4A1A60002301E06FF003031846843742
:10A6C800BD465DF8047B7047CCDE0008DB0F4940CF
:10A6D800DB0F49C0DB0F4940DB0FC93FDB0FC9BFA8
:10A6E80080B485B000AFF8607B600B467B81134671
:10A6F8003B81FB687A891A80FB683A895A80FB6833
:10A708007A685A6000BF1437BD465DF8047B70470D
:10A7180080B499B000AFF860B9607A60FB681B88B4
:10A72800BB62FB685B887B62FB685B683B62BB6AF9
:10A738009B08A7F844300023A7F846307B68BB6421
:10A748009AE04FF00003FB634FF00003BB634FF048
:10A7580000037B634FF000033B63BB68FB647B6AC9
:10A76800A7F84230B7F846309B003A6A1344FB65B5
:10A778007B6A9B00FA6D1344BB657B6A9B00BA6DCC
:10A7880013447B657B6A9B007A6D13443B654DE0FF
:10A79800FB6C1A1DFA641B68FB61FB6D1A1DFA65D8
:10A7A8001B687B6197ED057AD7ED077A67EE277A04
:10A7B80097ED0F7A77EE277AC7ED0F7ABB6D1A1DE2
:10A7C800BA651B687B6197ED057AD7ED077A67EE66
:10A7D800277A97ED0E7A77EE277AC7ED0E7A7B6D9A
:10A7E8001A1D7A651B687B6197ED057AD7ED077AA4
:10A7F80067EE277A97ED0D7A77EE277AC7ED0D7A0F
:10A808003B6D1A1D3A651B687B6197ED057AD7ED9C
:10A81800077A67EE277A97ED0C7A77EE277AC7EDF5
:10A828000C7AB7F84230013BA7F84230B7F842300B
:10A83800002BADD1BB6C1A1DBA64FA6B1A60BB6CE5
:10A848001A1DBA64BA6B1A60BB6C1A1DBA647A6BAB
:10A858001A60BB6C1A1DBA643A6B1A607B6A9BB2A9
:10A868009B009AB2B7F846301344A7F84630B7F8B9
:10A878004430013BA7F84430B7F84430002B7FF44C
:10A8880060AFBB6A9BB203F00303A7F8443077E0DC
:10A898004FF00003FB62BB68FB64B7F846309B00CF
:10A8A8003A6A1344FB657B6A5B08A7F8423030E0DC
:10A8B800FB6C1A1DFA641B68FB61FB6C1A1DFA64B9
:10A8C8001B68BB61FB6D1A1DFA651B687B61FB6D1C
:10A8D8001A1DFA651B683B6197ED057AD7ED077A73
:10A8E80067EE277A97ED0B7A77EE277AC7ED0B7A22
:10A8F80097ED047AD7ED067A67EE277A97ED0B7A0B
:10A9080077EE277AC7ED0B7AB7F84230013BA7F804
:10A918004230B7F84230002BCAD17B6A9BB203F0B1
:10A928000103A7F8423016E0FB6D1A1DFA6593ED96
:10A93800007AFB6C1A1DFA64D3ED007A67EE277A69
:10A9480097ED0B7A77EE277AC7ED0B7AB7F8423096
:10A95800013BA7F84230B7F84230002BE4D1BB6C7A
:10A968001A1DBA64FA6A1A607B6A9AB2B7F8463056
:10A978001344A7F84630B7F84430013BA7F84430F1
:10A98800B7F84430002B83D100BF00BF6437BD4601
:10A998005DF8047B704780B485B000AFF860B9609B
:10A9A8007A60FB6893ED007ABB68D3ED007A27EEF6
:10A9B800277AFB680433D3ED006ABB680433D3ED10
:10A9C800007A66EEA77A37EE677AFB680833D3ED2C
:10A9D800006ABB680833D3ED007A66EEA77A37EED3
:10A9E800677AFB680C33D3ED006ABB680C33D3ED90
:10A9F800007A66EEA77A77EE677A7B68C3ED007A0D
:10AA0800FB6893ED007ABB680433D3ED007A27EE38
:10AA1800277AFB680433D3ED006ABB68D3ED007A6C
:10AA280066EEA77A37EE277AFB680833D3ED006A1B
:10AA3800BB680C33D3ED007A66EEA77A37EE277A37
:10AA4800FB680C33D3ED006ABB680833D3ED007A9A
:10AA580066EEA77A7B68043377EE677AC3ED007AEF
:10AA6800FB6893ED007ABB680833D3ED007A27EED4
:10AA7800277AFB680833D3ED006ABB68D3ED007A08
:10AA880066EEA77A37EE277AFB680C33D3ED006AB7
:10AA9800BB680433D3ED007A66EEA77A37EE277ADF
:10AAA800FB680433D3ED006ABB680C33D3ED007A3E
:10AAB80066EEA77A7B68083377EE677AC3ED007A8B
:10AAC800FB6893ED007ABB680C33D3ED007A27EE70
:10AAD800277AFB680C33D3ED006ABB68D3ED007AA4
:10AAE80066EEA77A37EE277AFB680433D3ED006A5F
:10AAF800BB680833D3ED007A66EEA77A37EE277A7B
:10AB0800FB680833D3ED006ABB680433D3ED007AE1
:10AB180066EEA77A7B680C3377EE677AC3ED007A26
:10AB280000BF1437BD465DF8047B704790B583B00D
:10AB380000AF786039607B6893ED017A7B68D3ED6C
:10AB4800027A27EE277A7B68D3ED036A7B68D3ED18
:10AB5800047A66EEA77A37EE276A7B6893ED017A66
:10AB68007B68D3ED017A27EE277A7B68D3ED046AF8
:10AB78007B68D3ED047A66EEA77A77EE277AB6EE8D
:10AB8800007A77EEC77A3868F0EE670AB0EE460AC0
:10AB9800FFF780FB7B6893ED027A7B68D3ED047A3C
:10ABA80027EE277A7B68D3ED016A7B68D3ED037AB9
:10ABB80066EEA77A77EE677AB8EE007A67EE877A5C
:10ABC8003B681C1DB0EE670A01F0F2FCF0EE407A1B
:10ABD800C4ED007A7B6893ED017A7B68D3ED047A43
:10ABE80027EE277A7B68D3ED026A7B68D3ED037A78
:10ABF80066EEA77A37EE276A7B6893ED017A7B6861
:10AC0800D3ED017A27EE277A7B68D3ED026A7B6859
:10AC1800D3ED027A66EEA77A77EE277AB6EE007A57
:10AC280077EEC77A3B6808331846F0EE670AB0EE4D
:10AC3800460AFFF72FFB00BF0C37BD4690BD00004A
:10AC480080B487B000AF786087ED000AD7ED007A4E
:10AC5800F5EEC07AF1EE10FA02D54FF0000327E0C6
:10AC6800D7ED007AB6EE007A67EE877AC7ED057AF7
:10AC78003B683B613B69FB60FB685A10114B9B1AB0
:10AC8800FB60FB683B6197ED047AD7ED057A27EE08
:10AC9800277AD7ED047A67EE277AB7EE087A37EE87
:10ACA800677AD7ED047A67EE277AC7ED047A3B69AD
:10ACB80007EE903AB0EE670A1C37BD465DF8047B94
:10ACC800704700BFDF59375F80B483B000AF78604A
:10ACD8000C4A7B681A607B684FF07E525A607B682A
:10ACE8004FF000029A607B684FF00002DA607B68E0
:10ACF8004FF000021A617B6818460C37BD465DF8B4
:10AD0800047B7047A0DE000880B584B000AFF8600F
:10AD180087ED020AC7ED010A87ED001AFB681A469B
:10AD28000023136053609360D3601361FB68184677
:10AD3800FFF7CAFF124AFB681A60FB68BA685A61D3
:10AD4800D7ED017A77EEA77AFB68C3ED067AD7EDDF
:10AD5800007A77EEA77AFB68C3ED077AFB684FF0B5
:10AD680000021A62FB684FF000025A62FB684FF05B
:10AD780000029A62FB6818461037BD4680BD00BFC6
:10AD8800FCDE000880B5A0B000AFF860B9607A605A
:10AD98004FF00003BB674FF00003BB664FF00003A2
:10ADA800FB664FF000033B67BB68D3ED007AF5EE16
:10ADB800407AF1EE10FA11D1BB680433D3ED007A72
:10ADC800F5EE407AF1EE10FA08D1BB680833D3EDFE
:10ADD800007AF5EE407AF1EE10FA79D0FA68BB689D
:10ADE80093ED007ABB68D3ED007A27EE277ABB682B
:10ADF8000433D3ED006ABB680433D3ED007A66EE02
:10AE0800A77A37EE277ABB680833D3ED006ABB68A8
:10AE18000833D3ED007A66EEA77A77EE277AB0EE9C
:10AE2800670A1046FFF70CFF87ED1E0A07F120039B
:10AE38000322194697ED1E0AB868FFF704FAFB6863
:10AE480093ED027AFB68D3ED047A27EE277AFB6844
:10AE5800D3ED016AFB68D3ED037A66EEA77A77EE45
:10AE6800677AC7ED057AFB6893ED037AFB68D3ED43
:10AE7800047A27EE277AFB68D3ED016AFB68D3EDE5
:10AE8800027A66EEA77A77EE277AC7ED067AFB682C
:10AE980093ED027AFB68D3ED027A67EE277AB6EE75
:10AEA800007A37EE677AFB68D3ED036AFB68D3ED67
:10AEB800037A66EEA77A77EE677AC7ED077A07F125
:10AEC800680207F1140107F12003184600F0C9F8D9
:10AED80007F15C0300221A605A609A604FF0000381
:10AEE8007B67002387F87F305DE097F87F30FA684A
:10AEF80008339B00134493ED007AFB68D3ED076A8F
:10AF080097F87F309B0080333B44183BD3ED007AA1
:10AF180026EEA76AFB68D3ED056AC6EE267A97F88F
:10AF28007F3077EE277AFA6808339B001344C3ED25
:10AF3800007AFB6893ED067A97F87F309B008033A0
:10AF48003B44183BD3ED007A27EE277A97F87F30F9
:10AF5800FA6808339B001344D3ED007A77EE277A1A
:10AF6800C7ED1D7A97F87F309B007A68134493EDFC
:10AF7800007AD7ED1D7A77EE277AB6EE007A67EE7B
:10AF8800876AFB6893ED057A97F87F30C6EE877A73
:10AF98009B0080333B44243BC3ED007A97F87F3015
:10AFA800013387F87F3097F87F30022B9DD907F15E
:10AFB8004C0300221A605A609A60DA6007F13C0379
:10AFC80000221A605A609A60DA60FB6D3B643B6E3F
:10AFD8007B647B6EBB64FB68043307F14C0207F1AA
:10AFE8003C011846FFF7D7FCFB68181D07F12C0237
:10AFF80007F14C010423FFF7FEF8FB6897ED0B7A85
:10B00800D7ED0B7A27EE277AD7ED0C6AD7ED0C7AB5
:10B0180066EEA77A37EE277AD7ED0D6AD7ED0D7A67
:10B0280066EEA77A37EE277AD7ED0E6AD7ED0E7A55
:10B0380066EEA77A77EE277AB0EE670A1846FFF72A
:10B04800FFFD87ED1E0AFB68191D07F12C0304227A
:10B0580097ED1E0A1846FFF7F6F800BF8037BD4681
:10B0680080BD80B485B000AFF860B9607A60FB68D5
:10B07800043393ED007ABB680833D3ED007A27EEEA
:10B08800277ABB680433D3ED006AFB680833D3ED35
:10B09800007A66EEA77A77EE677A7B68C3ED007A66
:10B0A800BB6893ED007AFB680833D3ED007A27EE8E
:10B0B800277AFB68D3ED006ABB680833D3ED007AC2
:10B0C80066EEA77A7B68043377EE677AC3ED007A79
:10B0D800FB6893ED007ABB680433D3ED007A27EE62
:10B0E800277ABB68D3ED006AFB680433D3ED007A96
:10B0F80066EEA77A7B68083377EE677AC3ED007A45
:10B1080000BF1437BD465DF8047B704780B582B038
:10B1180000AF78607B6898687B68DB689BB2002228
:10B128001946F7F727FE00BF0837BD4680BD80B532
:10B1380082B000AF78607B6898687B68DB689BB2F8
:10B1480001221946F7F716FE00BF0837BD4680BD35
:10B1580080B582B000AF78607B6818697B685B69EE
:10B168009BB200221946F7F705FE00BF0837BD4617
:10B1780080BD80B582B000AF78607B6818697B6855
:10B188005B699BB201221946F7F7F4FD00BF083747
:10B19800BD4680BD80B584B000AFF860B9607A6004
:10B1A8003B60BB681A68FB685A60BB685A68FB68F2
:10B1B8009A60BB689A68FB68DA60BB68DA68FB6803
:10B1C8001A61BB681A69FB685A61FB683A681833E8
:10B1D8001068186012791A71FB6820332422796884
:10B1E800184602F01FFCFB6803F14400FB6820339B
:10B1F80003220321FFF774FAF868FFF798FFF8684D
:10B20800FFF7B7FF00BF1037BD4680BD80B584B0DB
:10B2180000AF78600B46FB7000237B73FB78194600
:10B22800786800F0FCF80346BB7307F10E0207F1DB
:10B238000D031146184600F0EFFBFB7819467868B5
:10B2480000F050F80346FB7307F10F0207F10D03F6
:10B258001146184600F0E0FB7B7B18461037BD46C8
:10B2680080BD80B588B000AFF860B9607A603B6097
:10B27800BB68002B10D0022000F0E2FB07F114039A
:10B288001946F86800F064FAFB68443307F11401C2
:10B29800BA681846FFF73CFA7B68002B10D00220EA
:10B2A80000F0CEFB07F114031946F86800F00EFA17
:10B2B800FB68443307F114017A681846FFF728FA47
:10B2C8003B68002B0AD0022000F0BAFBF86800F0B7
:10B2D80081FAF0EE407A3B68C3ED007A00BF203770
:10B2E800BD4680BD80B586B000AF78600B46FB7068
:10B2F800022000F0A5FB0021786800F02BFB02205B
:10B3080000F09EFB0021786800F024FB03461E2B0A
:10B3180014BF01230023DBB2002B01D001237AE004
:10B32800FB78002B0CD0786800F000F90346002B5E
:10B3380014BF01230023DBB2002B01D004236AE0F1
:10B34800022000F07DFBB6227E21786800F0E4FA46
:10B358000220F8F769FC022000F072FB00217868EF
:10B3680000F0F8FA7B689B7E5BB21B015AB27B68DF
:10B378005B7E5BB213435BB2BB7507F10C03002223
:10B388001A605A6041233B734023BB7340F27D43EC
:10B398003B827C237B827B681B7E7B73BB7DFB733C
:10B3A8000023FB7533E0022000F04AFBFB7D5B00C5
:10B3B80018333B4413F80C1CFB7D5B0018333B44EB
:10B3C80013F80B3C1A46786800F0A6FA782000F0CB
:10B3D80037FBFB7D5B0018333B4413F80C3C1946E4
:10B3E800786800F0B7FA03461A46FB7D5B0018330D
:10B3F8003B4413F80B3C9A4214BF01230023DBB2F1
:10B40800002B01D0102306E0FB7D0133FB75FB7D8B
:10B41800032BC8D9002318461837BD4680BD80B510
:10B4280084B000AF78600B46FB70022000F008FB88
:10B438000021786800F01EFA03460F2B14BF012381
:10B448000023DBB2002B01D002236AE0FB78002B3B
:10B458000CD0786800F014F90346002B14BF0123C0
:10B468000023DBB2002B01D008235AE0022000F0B1
:10B47800E7FAB6221421786800F0DEF90120F8F71F
:10B48800D3FB7B681B7F63F07F03BB7307F1080363
:10B4980000221A609A800F233B721023BB7211237B
:10B4A800BB817B68DB7E7B72BB7BFB720023FB73FB
:10B4B80033E0022000F0C4FAFB7B5B0010333B440E
:10B4C80013F8081CFB7B5B0010333B4413F8073C64
:10B4D8001A46786800F0B0F9782000F0B1FAFB7BE2
:10B4E8005B0010333B4413F8083C1946786800F0B9
:10B4F800C1F903461A46FB7B5B0010333B4413F843
:10B50800073C9A4214BF01230023DBB2002B01D071
:10B51800202306E0FB7B0133FB73FB7B022BC8D99E
:10B52800002318461037BD4680BD000080B58EB098
:10B5380000AF7860504A07F12C0392E8030083E8D3
:10B548000300002387F8373039E0022000F078FA4A
:10B5580097F837305B0038333B4413F80C1C97F8E6
:10B5680037305B0038333B4413F80B3C1A46786895
:10B5780000F0D2F9782000F063FA97F837305B00D2
:10B5880038333B4413F80C3C1946786800F0E2F96C
:10B5980003461A4697F837305B0038333B4413F8B4
:10B5A8000B3C9A4214BF01230023DBB2002B01D0CD
:10B5B80004235CE097F83730013387F8373097F881
:10B5C8003730032BC1D90220F8F72EFB0D226D214D
:10B5D800786800F0A1F93220F8F726FB07F120037C
:10B5E8001946786800F0B4F809226D21786800F0EF
:10B5F80093F93220F8F718FB07F114031946786815
:10B6080000F0A6F81D4A07F1080307CA83E80700F7
:10B61800002387F8363025E097F836309B0038331A
:10B628003B44183B93ED007A97F836309B0038334B
:10B638003B44243BD3ED007A37EE677A97F83630EF
:10B648009B0038333B44303BD3ED007AB4EEE77AC5
:10B65800F1EE10FA01D5042309E097F836300133EA
:10B6680087F8363097F83630022BD5D9002318469C
:10B678003837BD4680BD00BF64DE00086CDE0008B8
:10B6880080B584B000AF7860022000F0D9F90122BB
:10B698003C21786800F0D0F8022000F0D1F93C2174
:10B6A800786800F0E7F80346FB73FB7B03F00203BE
:10B6B800002BF1D0FB7B03F00403002B01D00823FF
:10B6C80000E0002318461037BD4680BD80B584B021
:10B6D80000AF7860396007F1080306220221786814
:10B6E80000F0EEF80023FB7328E07B68DB7E174A46
:10B6F8009B00134493ED007AFB7B5B0010333B44C3
:10B7080013F8083C1AB2FB7B5B00013310333B444F
:10B7180013F8083C1BB21B021BB213431BB207EE03
:10B72800903AF8EEE77AFB7B9B003A68134467EEA1
:10B73800277AC3ED007AFB7B0133FB73FB7B022B7B
:10B74800D3D900BF00BF1037BD4680BD18DF000841
:10B7580080B584B000AF7860396007F1080306222D
:10B768001221786800F024F90023FB7328E07B6835
:10B778001B7E174A9B00134493ED007AFB7B5B000A
:10B7880010333B4413F8083C1AB2FB7B5B000133CF
:10B7980010333B4413F8083C1BB21B021BB2134383
:10B7A8001BB207EE903AF8EEE77AFB7B9B003A680B
:10B7B800134467EE277AC3ED007AFB7B0133FB73F2
:10B7C800FB7B022BD3D900BF00BF1037BD4680BD1D
:10B7D80008DF000880B584B000AF786007F10C037B
:10B7E80002222221786800F0E3F83B7B1BB2DB00E1
:10B7F8001AB27B7B5B09DBB21BB21343FB81B7F93F
:10B808000E30B3F5806F04DBFB89A3F500639BB2B0
:10B81800FB81B7F90E3007EE903AF8EEE77AB4EE0E
:10B82800007A67EE877AB3EE077A77EE877AB0EE1A
:10B83800670A1037BD4680BD80B584B000AF786018
:10B848000B46FB701346BB70FB783B73BB787B736E
:10B858007868FFF77DFC7B68586807F10C010223C4
:10B868000222F8F71DFC7868FFF783FC00BF103749
:10B87800BD4680BD80B586B002AF78600B46FB70D0
:10B8880000233B8155237B72FB7863F07F03FB70B9
:10B89800FB783B727868FFF75BFC7B68586807F1B8
:10B8A8000C0207F10801022300930223F8F74CFD6C
:10B8B8007868FFF75EFC7B7B18461037BD4680BD75
:10B8C80080B586B002AFF8607B600B46FB7213460A
:10B8D800BB72F868FFF73CFCFB7A63F07F03DBB2CE
:10B8E800FB72FB68586807F10B0102230122F8F785
:10B8F800D7FBFB685868BB7A9BB2022200927A6831
:10B908000449F8F721FDF868FFF733FC00BF10374A
:10B91800BD4680BD1000002080B584B000AF7860BF
:10B928000B46FB701346BB70FB783B73BB787B738D
:10B938007868FFF7EBFB7B68586807F10C01022376
:10B948000222F8F7ADFB7868FFF7F1FB00BF10376C
:10B95800BD4680BD80B586B002AF78600B46FB70EF
:10B9680007F1080300210A461A800A469A705523EF
:10B978007B725523BB72FB7863F07F03FB70FB7807
:10B988003B727868FFF7C2FB7B68586807F10C02C6
:10B9980007F10801022300930323F8F7D5FC786820
:10B9A800FFF7C5FBBB7B18461037BD4680BD0000BE
:10B9B80080B588B002AFF8607B600B46FB72134617
:10B9C800BB720023BB8255237B75FB7A63F07F0330
:10B9D800FB72FB7A3B75F868FFF798FBFB685868C1
:10B9E80007F114010223009302237A68F8F7ACFCEC
:10B9F800FB685868BB7A9BB2022200927A680549B4
:10BA0800F8F7A2FCF868FFF792FB00BF1837BD46AD
:10BA180080BD00BF1000002080B483B000AF786004
:10BA280039607B681A783B681B781343DAB27B6805
:10BA38001A7000BF0C37BD465DF8047B70470000E4
:10BA480080B489B000AF7860234B5B687B617B680A
:10BA580007EE903AB8EE677A204B1B6807EE903AEB
:10BA6800F8EE676A9FED1E6AC6EE867A67EE277A59
:10BA7800FCEEE77A17EE903A3B61174B9B68FB6147
:10BA88000023FB600023BB611BE0134B9B68FB603A
:10BA9800FA68FB699A4214D0FA68FB699A4206D29E
:10BAA800FA69FB68D31ABA691344BB6107E07A697B
:10BAB800FB68D21AFB691344BA691344BB61FB687B
:10BAC800FB61BA693B699A42DFD300BF00BF2437E4
:10BAD800BD465DF8047B704710E000E004000020DC
:10BAE8000024744980B485B000AF786039603B6841
:10BAF8001B781AB23B6801331B781BB21B021BB2BE
:10BB080013431BB29BB2C3F30A03FB81FB897F4A31
:10BB180012889B1A07EE903AB8EEE77A7C4BD3ED81
:10BB2800007A67EE277A7B68C3ED047A3B680133B5
:10BB38001B78DB08DBB21AB23B6802331B781BB2F6
:10BB48005B011BB213431BB29BB2C3F30A03FB8115
:10BB5800FB896E4A12889B1A07EE903AB8EEE77A8C
:10BB68006B4BD3ED007A67EE277A7B68C3ED037AD7
:10BB78003B6802331B789B09DBB21AB23B6803337C
:10BB88001B781BB29B001BB213431AB23B680433E9
:10BB98001B781BB29B021BB213431BB29BB2C3F3AD
:10BBA8000A03FB81FB89594A12889B1A07EE903ACF
:10BBB800B8EEE77A564BD3ED007A67EE277A7B68C2
:10BBC800C3ED027A3B6804331B785B08DBB21AB218
:10BBD8003B6805331B781BB2DB011BB213431BB256
:10BBE8009BB2C3F30A03FB81FB89484A12889B1A5C
:10BBF80007EE903AB8EEE77A454BD3ED007A67EE58
:10BC0800277A7B68C3ED017A3B6810331B781AB238
:10BC18003B6811331B781BB21B021BB213431BB2C8
:10BC2800FB81FB89394A12889B1A07EE903AB8EED5
:10BC3800E77A374BD3ED007A67EE277A7B68C3ED56
:10BC4800057A3B6805331B789B09DAB27B681A765C
:10BC58003B6805331B781B09DBB203F00303DAB238
:10BC68007B685A763B6806331B781AB23B68073301
:10BC78001B781BB21B021BB213431AB27B689A8350
:10BC88003B6808331B781AB23B6809331B781BB230
:10BC98001B021BB213431AB27B68DA833B680A3370
:10BCA8001B781AB23B680B331B781BB21B021BB202
:10BCB80013431AB27B681A843B680C331B78002B39
:10BCC80014BF01230023DAB27B689A763B680D33F0
:10BCD8001B78002B14BF01230023DAB27B68DA76C5
:10BCE8003B680E331B781AB23B680F331B781BB2C4
:10BCF8001B021BB213431BB29AB27B685A8400BF63
:10BD08001437BD465DF8047B704700BF180000205B
:10BD18001C00002080B58CB000AF786001233B6226
:10BD280000237B620123BB620E23FB627B68284AE7
:10BD3800934222D10023BB6100233B6201237B6233
:10BD48000023BB600023FB6000233B6100237B6171
:10BD58000023FB610123BB6207F1080319467868D9
:10BD6800F5F744F90346002B14BF01230023DBB287
:10BD7800002B28D0FCF7E6F825E07B68154A9342AB
:10BD880021D10123BB6100233B6201237B62002395
:10BD9800BB600023FB6000233B6100237B61012320
:10BDA800BB620E23FB6107F1080319467868F5F7B3
:10BDB8001DF90346002B14BF01230023DBB2002B1F
:10BDC80001D0FCF7BFF800BF3037BD4680BD00BFCB
:10BDD80090000020B800002080B584B000AF7860E3
:10BDE8007B684F4A934240F092804E4B4E4A002166
:10BDF8007868F5F7A5FB0346002B0CBF0123002349
:10BE0800DBB2002B00F08380474B1B68132B07D154
:10BE1800454B1B691A464349444800F03FFA76E00F
:10BE2800414B1B68142B37D13E4B1B781BB21B02AE
:10BE38001AB23C4B5B781BB213431BB2BB81BB8964
:10BE48001021DFED3B0A9FED3B0A184600F0DFF9B1
:10BE5800F0EE407A384BC3ED027A324B9B781BB236
:10BE68001B021AB22F4BDB781BB213431BB2BB81E8
:10BE7800BB891021F3EE040ABBEE040A184600F051
:10BE8800C6F9F0EE407A2C4BC3ED057A2B4B1B68B4
:10BE980001332A4A13603AE0234B1B68042B36D13E
:10BEA800204B1B781BB21B021AB21E4B5B781BB2CD
:10BEB80013431BB2FB81FB891021DFED1D0A9FEDA7
:10BEC8001D0A184600F0A3F9F0EE407A1A4BC3EDAC
:10BED800027A144B9B781BB21B021AB2114BDB7807
:10BEE8001BB213431BB2FB81FB891021F3EE040A3A
:10BEF800BBEE040A184600F08AF9F0EE407A0E4BC1
:10BF0800C3ED057A0D4B1B6801330C4A13600221FF
:10BF18007868F5F743FC00BF1037BD4680BD00BF09
:10BF28009000002008070020D006002010060020FE
:10BF3800DB0F4940DB0F49C0A40600201C07002086
:10BF480080B586B000AF78607B68764A934240F04F
:10BF5800E180754B754A01217868F5F7F1FA0346D7
:10BF6800002B0CBF01230023DBB2002B00F0D28092
:10BF78006E4B1B6840F2012293422ED16A4B9B788C
:10BF88001BB21B021AB2684BDB781BB213431BB2FD
:10BF980007EE903AF8EEE77AC7ED057AD7ED057A1D
:10BFA8009FED637AF4EEC77AF1EE10FA03DD4FF0F5
:10BFB80000037B610BE0D7ED057A9FED5E7AF4EE26
:10BFC800C77AF1EE10FA02D54FF000037B6197EDC6
:10BFD800050A5948FCF7B2FD9CE0544B1B6840F237
:10BFE800022293422ED1504B9B781BB21B021AB2ED
:10BFF8004D4BDB781BB213431BB207EE903AF8EEB9
:10C00800E77AC7ED047AD7ED047A9FED497AF4EE22
:10C01800C77AF1EE10FA03DD4FF000033B610BE045
:10C02800D7ED047A9FED437AF4EEC77AF1EE10FA71
:10C0380002D54FF000033B6197ED040A3F48FCF737
:10C048007DFD67E0394B1B6840F2032293422ED1F5
:10C05800354B9B781BB21B021AB2334BDB781BB2F1
:10C0680013431BB207EE903AF8EEE77AC7ED037A6E
:10C07800D7ED037A9FED2E7AF4EEC77AF1EE10FA37
:10C0880003DD4FF00003FB600BE0D7ED037A9FED73
:10C09800297AF4EEC77AF1EE10FA02D54FF00003D0
:10C0A800FB6097ED030A2648FCF748FD32E01F4B7A
:10C0B8001B68B3F5017F2DD11B4B9B781BB21B026C
:10C0C8001AB2194BDB781BB213431BB207EE903A36
:10C0D800F8EEE77AC7ED027AD7ED027A9FED147A87
:10C0E800F4EEC77AF1EE10FA03DD4FF00003BB60FF
:10C0F8000BE0D7ED027A9FED0F7AF4EEC77AF1EEF6
:10C1080010FA02D54FF00003BB6097ED020A0D4804
:10C11800FCF714FD10217868F5F740FB00BF1837CD
:10C12800BD4680BDB800002010070020EC060020A6
:10C1380000DC7F4700DC7FC7AC040020D40400206B
:10C14800FC0400202405002080B58AB000AFF86008
:10C15800B9607A60FB7007F1100300221A605A6018
:10C168009A60DA601A615A617B683B610023BB619F
:10C178000023FB61FB783B6207F11001094BBA68A9
:10C18800F868F5F7C3F80346002B14BF0123002312
:10C19800DBB2002B01D0FBF7D5FE00BF2837BD4628
:10C1A80080BD00BF1807002080B487B000AF87EDBE
:10C1B800030AC7ED020A87ED011A386097ED017A84
:10C1C800D7ED027A77EE677AC7ED057ABB683B61EF
:10C1D80097ED037AD7ED047A37EE677A01223B6848
:10C1E80002FA03F3013B07EE903AF8EEE77A67EEBE
:10C1F800276A97ED057AC6EE877AFDEEE77A17EE9D
:10C20800903A18461C37BD465DF8047B704780B4E9
:10C2180087B000AFF86087ED020AC7ED010A396000
:10C2280097ED017AD7ED027A77EE677AC7ED057A4E
:10C23800BB683B61FB6807EE903AB8EEE77AD7ED4A
:10C24800057A67EE276A01223B6802FA03F3013B8D
:10C2580007EE903AF8EEE77A86EEA77AD7ED047AF9
:10C2680077EE277AB0EE670A1C37BD465DF8047B87
:10C27800704780B483B000AF78600B467B8013466C
:10C288003B807B683A881A807B687A889A8000BFEE
:10C298000C37BD465DF8047B7047000080B584B05C
:10C2A80000AFF860B9607A607B68082B70D1BB6812
:10C2B8001B7803F00F039AB2FB689A80BB681B785F
:10C2C8001B09DBB21A46FB68DA80BB6801331B78AE
:10C2D8001B02BA68023212781A43FB689A60BB687C
:10C2E80003331B781B01BA68043212781209D2B2E0
:10C2F8001A43FB68DA60BB6804331B781B0203F43B
:10C308007063BA68053212781A43FB681A61FB68D1
:10C318009B681021DFED200A9FED200A1846FFF7E1
:10C3280076FFF0EE407AFB68C3ED057AFB68DB68C0
:10C338000C21F3EE050ABBEE050A1846FFF767FF66
:10C34800F0EE407AFB68C3ED067AFB681B690C21A6
:10C35800F1EE0E0AB9EE0E0A1846FFF758FFF0EE96
:10C36800407AFB68C3ED077ABB6806331B7807EE93
:10C37800903AF8EE677AFB68C3ED087ABB68073332
:10C388001B7807EE903AF8EE677AFB68C3ED097AF6
:10C3980000BF1037BD4680BDDC0F4940DC0F49C0E7
:10C3A80080B586B000AF78600B467B8013463B8033
:10C3B8007A883B881344FB82FF233B73FF237B73FC
:10C3C800FF23BB73FF23FB73FF233B74FF237B74A3
:10C3D800FF23BB74FC23FB74FA8A07F10C010823C2
:10C3E8007868FFF7B1FE00BF1837BD4680BD000072
:10C3F80080B58EB000AFF8610B4687ED050AC7ED32
:10C40800040A87ED031AC7ED021A87ED012A7B8318
:10C418007B8BFB8610209FED3C1ADFED3C0A97EDE5
:10C42800050AFFF7C1FE0346BB860C20B3EE051ACA
:10C43800FBEE050A97ED040AFFF7B6FE03467B8676
:10C448000C209FED331ADFED330A97ED030AFFF74F
:10C45800ABFE03463B860C20B1EE041ADFED2D0A35
:10C4680097ED020AFFF7A0FE0346FB850C20B1EE0C
:10C478000E1AF9EE0E0A97ED010AFFF795FE03462C
:10C48800BB85BB8E1B0A9BB2DBB287F82430BB8E00
:10C49800DBB287F825307B8E1B099BB2DBB287F8AD
:10C4A80026307B8E5BB21B015AB23B8E1B0A9BB2B5
:10C4B8005BB213435BB2DBB287F827303B8EDBB24B
:10C4C80087F82830FB8D1B099BB2DBB287F829302F
:10C4D800FB8D5BB21B015AB2BB8D1B0A9BB25BB2D0
:10C4E80013435BB2DBB287F82A30BB8DDBB287F827
:10C4F8002B30FA8E07F124010823F869FFF724FE90
:10C5080000BF3837BD4680BDDC0F4940DC0F49C04D
:10C518000000FA4300000000DFF834D0F4F736FBDF
:10C528000C480D490D4A002302E0D458C450043386
:10C53800C4188C42F9D30A4A0A4C002301E013605C
:10C548000432A242FBD301F047FAFBF76DFC7047B7
:10C5580000000220000000207000002014E3000802
:10C56800700000206C080020FEE70B4601461846C4
:10C5780001F0C2B900F011B8012838BF012010B588
:10C588000446204601F0FAF800B110BD00F008F8A2
:10C5980008B901F0EBF88047F3E701F0F7B80000BD
:10C5A800024B1868BFF35B8F704700BF200700205D
:10C5B80008B52DED028BB0EE408A00F073F9B4EEA9
:10C5C800488AF1EE10FAF0EE408A0AD6B0EE480A30
:10C5D80000F052F8F7EE007AB4EEE70AF1EE10FA3E
:10C5E80004DCB0EE680ABDEC028B08BD01F0EEF980
:10C5F800BDEC028B034621221A600248BDE80840C0
:10C6080000F07CB82CDF000810EE103A184923F02F
:10C6180000428A421AD9B2F1FF4F02D330EE400AE3
:10C62800704700B583B0684600F038FA00F00300A0
:10C638000128DDED010A9DED000A10D0022809D07D
:10C6480090B900F065F803B05DF804FBDFED090A66
:10C6580000F05EB800F05CF8B1EE400AF3E700F0D5
:10C66800D9F8B1EE400AEEE7012000F0D3F8EAE786
:10C67800D80F493F0000000010EE103A23F00043A5
:10C6880000EE103A704700BF10EE103A194923F037
:10C6980000428A421BD9B2F1FF4F02D330EE400A62
:10C6A800704700B583B0684600F0F8F900F0030061
:10C6B8000128DDED010A9DED000A13D002280BD0F8
:10C6C80098B9012000F0A6F803B05DF804FBDFED8F
:10C6D8000A0A002000F09EB8012000F09BF8B1EE95
:10C6E800400AF1E700F014F8EEE700F011F8B1EEB7
:10C6F800400AE9E7D80F493F000000009FED010A12
:10C70800704700BF0000C07FB1EEC00A704700BF8D
:10C7180010EE103A23F00043B3F1485F2CD2FDEE3F
:10C72800C07A17EE903A002B60D060EE007A9FED49
:10C73800317A9FED315ADFED315A9FED316ADFEDE5
:10C74800316AA7EE875A9FED307AE7EE855AA7EE51
:10C75800A56AA7EE867AE7EE876A67EEA66A60EEB4
:10C76800C00AB6EE007AE7EEA60AB7EE000AD7EEE0
:10C77800870A30EE600A704760EE007A9FED1D7AF6
:10C788009FED1D5ADFED1D5A9FED1D6ADFED1D6AF5
:10C798001E4AA7EE875A93429FED1B7AE5EE275A69
:10C7A800A5EEA76AA6EE277AE7EE276A66EEA76ADD
:10C7B800D5D9174A934214D803F17F4307EE103AAC
:10C7C800B7EE006A36EE476A60EEC00AF6EE005A27
:10C7D80097EEA57AE7EEA60A37EE607A36EE470AB4
:10C7E8007047B6EE076AB5EE027AEDE7B7EE000AD3
:10C7F800704700BF4ED747ADF6740F317CF293B443
:10C80800010DD037ABAA2A3D610BB6BA9999993E6A
:10C818000000483F10EE103A23F00043B3F1485FA0
:10C8280004D2FDEEC07A17EE903A5BB360EE007A60
:10C838009FED157ADFED155A9FED156ADFED156A44
:10C84800E7EE875A9FED147AA5EEA76A20EE275ADD
:10C85800E6EE276AA6EEA77A30B9DFED106AE7EEB2
:10C86800876AA6EE850A704727EE457AF6EE006AD3
:10C87800A0EEA67ADFED0A6AD7EE270AE5EE260AC9
:10C8880030EE600A704700BFD3C92E2F342FD7B2BD
:10C898001BEF3836010D50B98988083CABAA2ABE6F
:10C8A800ABAA2A3E38B510EE105A25F00044B4F170
:10C8B8007E5F2DED048BF0EE407A7FD077D8B4F10F
:10C8C8007C5F0ED2B4F1485F80F092809FED637A6E
:10C8D80030EE077AF7EE006AB4EEE67AF1EE10FA77
:10C8E80062DCB0EE670AFFF7C7FEF7EE007A37EEB4
:10C8F800C08AB6EE007A28EE078ADFED596A9FED06
:10C90800597A9FED596A9FED595ADFED595ADFED73
:10C91800598AE8EE076A9FED587AA8EE067A9FEDE5
:10C92800576AA6EE885AA7EE086A9FED557ADFED9A
:10C93800556AE5EE085AA6EE087AE5EE886AE7EE4B
:10C94800087AE6EE888AB0EE480AB0EE679AFFF7F2
:10C95800DBFE4D4B9C4268EE888A3AD810EE103ABE
:10C968006FF30B0306EE903AA6EEE68A70EE267A8F
:10C9780088EE895AC8EE274A9FED447ADFED447A5B
:10C98800B0EE006AA4EEC67A30EE000AF0EE675AFE
:10C9980090EE057AE6EEC65A37EE657A37EEC70AA4
:10C9A800002D01DCB1EE400ABDEC048B38BDBDECB6
:10C9B800048B70EE407A87EEA70A38BDBDEC048B75
:10C9C8009FED320A9FED337A27EE800AA7EE870A99
:10C9D80038BD88EE896A9FED307ADFED2E7AA0EEB9
:10C9E800060AF0EE006AA0EE267A37EEC70AD7E705
:10C9F80020EE007ADFED1B6A9FED196ADFED1B5A06
:10CA08009FED195ADFED1A4AA7EE266ABDEC048B92
:10CA1800E6EE075ADFED186A9FED186AE7EE056A39
:10CA2800E5EE874AA6EE876A9FED165ADFED145A9F
:10CA3800DFED106AA4EE875AE6EE075AE5EE076ABC
:10CA4800B7EE006AA5EE876A26EE877AC7EE066A11
:10CA5800E0EE267AB0EE670A38BD00BFCAF2497127
:10CA6800047F4F3A08EF11382EC69D3D461124BD6C
:10CA7800A80A4E3EABAA2A3E613330BF2D5701406B
:10CA880039D119C090B0A6BE9999793F2EBD3BB354
:10CA9800DB0F493FDB0FC93F2EBD3B3370B510EEAE
:10CAA800103A884A23F00044944286B0054671D96A
:10CAB800854A94421E4624D823F00042002BDFED1D
:10CAC800837A834922F00F02B0EE407A40F3E08087
:10CAD8008A4270EE677A09BF9FED7E7ADFED7E6A43
:10CAE800DFED7E6A77EEC77A37EEE67A77EEC77AB9
:10CAF80080ED007A77EEE67AC0ED017A012006B083
:10CB080070BD774A944252D9B4F1FF4F48D2E2152A
:10CB1800863AA4EBC25307EE903ABDEEE77ADFED12
:10CB2800716AB8EEC77A77EEC77A8DED037A67EE49
:10CB3800A67ABDEEE77AB8EEC77A77EEC77A8DEDBA
:10CB4800047A67EEA67AF5EE407AF1EE10FACDEDAA
:10CB5800057A40F09880B5EE407AF1EE10FA0CBFF5
:10CB680001230223604901910221009103A829466B
:10CB780000F036F9002EC2DA95ED007AD5ED017A8B
:10CB8800B1EE477AF1EE677A85ED007AC5ED017A64
:10CB98004042B4E7002285ED000A42600020AEE77B
:10CBA80070EE407AC0ED017AC0ED007AF6E7FFF743
:10CBB80063FD9FED4E7A9FED456AF6EE007AE0EE52
:10CBC800077A9FED457AFDEEE77A17EE900AF8EEC0
:10CBD800E76A1F28A6EEC60A66EE877AB1EE666A8D
:10CBE80020DC434A411E26F0004352F8212023F05E
:10CBF800FF03934216D030EE677A30EE470A002ED4
:10CC080030EE670A85ED007A85ED010ABFF677AF49
:10CC1800B1EE477AB1EE400A85ED007A85ED010A5A
:10CC280040426CE730EE677AE21517EE103AC3F32C
:10CC3800C753C3EBD453082BDFDD9FED267A9FED56
:10CC4800275AF0EE405AE6EE075A70EE657AE6EE9D
:10CC5800077AD6EE857A35EEE77A17EE103AC3F3FF
:10CC6800C753D21A192A10DD9FED227A9FED225A56
:10CC7800B0EE650AA6EE070A75EEC07AE6EE077A08
:10CC8800D6EE857AB7E703236CE7B0EE650AB4E71A
:10CC98008A4270EE277A09BF9FED0E7ADFED0E6AA1
:10CCA800DFED0E6A77EE877A37EEA67A77EEC77AE7
:10CCB80080ED007A77EEA67AC0ED017A4FF0FF306A
:10CCC8001DE700BFD80F493FE3CB1640800FC93F8F
:10CCD800D00FC93F004435374344353708A3852E64
:10CCE800800F494300008043B0DF000884F9223FE9
:10CCF80030DF000800A3852E32318D2410EE103A63
:10CD080033F000411A4627D0B1F1FF4F21D213F07A
:10CD1800FF4F22D1DFED2B7A2B4A60EE277A904223
:10CD280017EE903A33DB4CF2503CC3F3C7516045E1
:10CD38001A46A1F1190116DDDFED247ADFED246A28
:10CD4800002BB0EE677AB8BFF0EE667A27EE870A56
:10CD5800704730EE000A704770474CF2503C60450F
:10CD68004FEAD151E8DC0144FE29E5DC002915DC55
:10CD780011F1160F19DB193122F0FF4242EAC152B4
:10CD880007EE902A9FED130A27EE800A7047DFED21
:10CD9800127A07EE103A27EE270A704722F0FF4270
:10CDA80042EAC15300EE103A7047DFED0B7ADFED2F
:10CDB8000B6A002BB0EE677AB8BFF0EE667A27EE02
:10CDC800870A70470000004CB03CFFFFCAF2497167
:10CDD800CAF249F1000000336042A20D6042A28D00
:10CDE8002DE9F04F2DED048BDBB01C4694460393E0
:10CDF8000A46CD4B68991CF1040F53F8216082460E
:10CE080004F1FF38C0F24982BCF1030348BF0CF1BA
:10CE18000403DB10029301334FEAC30EACEB0E039D
:10CE28000593029B16EB0800A3EB080316D4013008
:10CE38009FEDBE7A699C18441EA9002BA4BF54F824
:10CE4800235007EE905A03F10103ACBFF8EEE77ADE
:10CE5800F0EE477A8342E1EC017AEED1002EC0F27F
:10CE6800B182039B1EA901EB830446AD4FEA8309F7
:10CE78004046F7180AEB8301B8F1000FDFEDAB7AF3
:10CE880009DBA3465346F3EC016A3BED017A8B427A
:10CE9800E6EE877AF7D10130B842E5EC017A04F181
:10CEA8000404E9D10DF1280B0BEB8603CDE9062E1E
:10CEB800043B9FEDA09ADFED9E8A059804930AEB48
:10CEC800090446AF0BEB86090096CDF820C05AAB93
:10CED80003EB8603002E13ED140A4FEA860515DDD1
:10CEE8007B195A4660EE097AB0EE407AFDEEE77A91
:10CEF80073ED016AF8EEE77ABB42A7EEE87A37EEFF
:10CF0800A60ABDEEC77AA2EC017AEBD10190FFF731
:10CF1800F5FEF4EE007AB0EE408A20EE270A00F023
:10CF28007DFAF2EE007AA0EE678A01980028FDEEFD
:10CF3800C89AF8EEE97A38EE678A6CDD06F1FF3EAA
:10CF4800C0F108035BF82E2042FA03FC0CFA03F345
:10CF5800D21AC0F1070119EE903A4BF82E200A4177
:10CF68006344002A09EE903A00F3F080B5EE408A57
:10CF7800F1EE10FA40F09D80009B9E420ADD5D4470
:10CF8800002355F8041D4D4543EA0103F9D1002B50
:10CF980040F0F280009B013B5BF82330002B40F00F
:10CFA800E780049B012153F8042D0131002AFAD0AF
:10CFB800731C31449C46029D039A05EB030E0EF147
:10CFC800804E699D32440EF1FF3E07EB83061EAB8F
:10CFD80005EB8E0E03EB8205DEED017AF8EEE77ABB
:10CFE800B8F1000F0EF1040EE5EC017ADFED4F7A8F
:10CFF80009DB2A465346F3EC016A32ED017AA34273
:10D00800E6EE877AF7D10CF1010C6145E6EC017A7E
:10D01800E2DA0E465BE740F08F80731E5BF8232050
:10D02800D211002AA2DD19EE903A002E03F1010375
:10D0380009EE903A40F3D48159464FF0000E51F86A
:10D04800043B002B6AD0C3F5807341F8043C04E02C
:10D058000B68C3F1FF0341F8043B0EF1010E76455E
:10D06800F6DC01239E4600280ADD012878D0022834
:10D0780006D1711E5BF8213003F03F0C4BF821C03C
:10D08800022A7FF473AFB7EE000A734630EE488A7F
:10D09800002B3FF46BAF09920190FFF72FFE38EE9B
:10D0A800408A0198099AB5EE408AF1EE10FA3FF4E9
:10D0B80063AF9246DDE9062EDDF820C00196AEEB9F
:10D0C8000C00B0EE480A009E0092FFF717FEDFED55
:10D0D800186AB4EEE60AF1EE10FADDE90023F0EE84
:10D0E800407AC0F250819FED137A059920EE077AB5
:10D0F8000831BDEEC77A0591B8EEC77A5C1CE7EE39
:10D10800667ABDEEC77AFDEEE77A17EE901A4BF80D
:10D11800231017EE103A4BF8243046E00EF1010EBA
:10D12800B6458CDB9E469EE7F4E20008000000004E
:10D13800000080430000803BF6EE007AB4EEE78AF8
:10D14800F1EE10FA80F2988000220FE70133002EEA
:10D1580009EE903A3FF770AF002301289E4686D12A
:10D16800711E5BF8213003F07F0C4BF821C087E774
:10D17800731C9C4619461EE733469246DDE90512A4
:10D188005C1EA1F108005BF82410009E059061B9AF
:10D1980003F18043013B0BEB8303014653F8040D75
:10D1A800013C08390028F9D0059105980092B7EE9E
:10D1B800000AFFF7A3FD002C009AB0EE407AC0F2F7
:10D1C8000581601C46AD5FED256A81000BEB80038D
:10D1D80005EB800073ED017AF8EEE77A5B4567EEC0
:10D1E800877A27EE267A60ED017AF3D10DF1C80827
:10D1F8000B1F46A8C718C646A44600259146002E10
:10D2080073DB844ADFED847A3846002301E0AB42C1
:10D2180008DCF2EC016AB0EC017A01339E42E6EEDA
:10D22800877AF4DA0CF1FF3CBCF1FF3FEEEC017AAF
:10D2380005F10105A7F10407E1D1689B022B4A46D5
:10D2480056DC002B2EDC0ED1DFED737A414431ED34
:10D25800017A414577EE877AF9D15346002B40F0A1
:10D26800AE80C2ED007A19EE903A03F007005BB089
:10D27800BDEC048BBDE8F08F19EE903A002E03F157
:10D28800010309EE903AC8BF02223FF7D5AEF7EE88
:10D29800007A37EEC88A022268E600234FF0080EAB
:10D2A8000293BBE59FED5C7A414471ED017A4145FB
:10D2B80037EE277AF9D1DDED327A534677EEC77A21
:10D2C800002B75D182ED007A64B133A90123B1EC4A
:10D2D800017A01339C4277EE877AF8DA53460BB12C
:10D2E800F1EE677AC2ED017ABDE7DFED4B7A99E797
:10D2F800689B032BB7D1002C7ED008EB840595EDF5
:10D30800007AA0002B46294671ED017AF0EE476AB3
:10D3180037EE277A414577EEC77A81ED007A77EEC6
:10D32800A67AC1ED017AEFD1012C65D095ED007A8E
:10D3380008F1040173ED017AF0EE476A37EE277AB7
:10D34800994277EEC77A83ED007A77EEA67AC3ED35
:10D35800017AEFD1031DDFED307A434408F1080864
:10D3680033ED017A984577EE877AF9D15346DDEDAA
:10D37800326A9DED337A73B9C2ED006A82ED017AA3
:10D38800C2ED027A6FE7FDEEC07A1C4617EE901ADE
:10D398004BF8231009E7F1EE666AB1EE477AF1EE31
:10D3A800677AC2ED006A82ED017AC2ED027A5AE725
:10D3B800B1EE477A82ED007A002C86D190E7F1EE43
:10D3C800677A4EE7039B4FEA83096BE5689B022B5C
:10D3D8000EDC002B13DC7FF446AFDFED0F7A3CE761
:10D3E800022A7FF4C3ADF7EE007A37EEC88ABDE5AE
:10D3F800689B032B7FF437AFDFED077AB6E7534618
:10D40800DDED327A13B9002313606BE74FF0004368
:10D41800136065E7C8E200080000000010EE102A5B
:10D42800C2F3C7537F3B162B22F0004129DC002BA7
:10D43800104618DB1A4919410A4221D0DFED197A42
:10D4480070EE277AF5EEC07AF1EE10FA18DD002AB0
:10D4580004DA4FF4000242FA03F3184420EA010305
:10D4680000EE103A7047DFED0F7A70EE277AF5EE8E
:10D47800C07AF1EE10FA03DD002A08DB9FED0A0AF4
:10D488007047B1F1FF4FFBD330EE000A7047DFED74
:10D49800077A0029BFEE000A08BFB0EE670A704796
:10D4A800FFFF7F00CAF24971000000000000008001
:10D4B8002DE9F047089D0E4604460F46002B4AD139
:10D4C80094468C45B2FA82F260D942B1C2F1200387
:10D4D800974020FA03F30CFA02FC1F4394404FEAEA
:10D4E8001C4E1FFA8CF6B7FBFEF1230C0EFB1177CE
:10D4F80043EA074301FB06F098420AD91CEB0303F1
:10D5080001F1FF3780F01581984240F2128102390B
:10D5180063441B1AA4B2B3FBFEF00EFB103344EABB
:10D52800034400FB06F6A6420AD91CEB040400F1EA
:10D53800FF3380F00081A64240F2FD806444023847
:10D5480040EA0140A41B00211DB1D4400023C5E9D5
:10D558000043BDE8F0878B4205D90DB1C5E900014C
:10D5680000210846F5E7B3FA83F1002946D1B34212
:10D5780002D3824200F2F580841A66EB030201208E
:10D588001746002DE5D0C5E90047E2E7002A40F03C
:10D598009380A1EB0C034FEA1C471FFA8CFE012174
:10D5A800B3FBF7F607FB1630230C43EA00430EFBE8
:10D5B80006F0984208D91CEB030306F1FF3802D2A3
:10D5C800984200F2D08046461B1AA4B2B3FBF7F08B
:10D5D80007FB103344EA03440EFB00FEA64508D9B6
:10D5E8001CEB040400F1FF3302D2A64500F2B6801A
:10D5F8001846A4EB0E0440EA0640A5E7C1F120074F
:10D608008B4022FA07FC4CEA030C06FA01FE20FACA
:10D6180007F426FA07F344EA0E0400FA01F84FEA81
:10D628001C404FEA1449B3FBF0FE1FFA8CF600FBCE
:10D638001E3349EA03430EFB06F9994502FA01F243
:10D648000BD91CEB03030EF1FF3A80F08580994556
:10D6580040F28280AEF1020E6344A3EB0909A4B242
:10D66800B9FBF0F300FB139944EA094403FB06F6FF
:10D67800A64208D91CEB040403F1FF3068D2A64285
:10D6880066D9023B644443EA0E40A41BA0FB02E6B1
:10D69800B4427346B14652D34FD05DB1B8EB0302E2
:10D6A80064EB090404FA07F722FA01F31F43CC409C
:10D6B800C5E9007400214CE7C2F1200120FA01F30A
:10D6C8000CFA02FC26FA01F1964033434FEA1C4754
:10D6D8001FFA8CFEB1FBF7F007FB1016190C41EA94
:10D6E800064100FB0EF68E4204FA02F408D91CEB40
:10D6F800010100F1FF382DD28E422BD90238614446
:10D70800891B9BB2B1FBF7F607FB161143EA0143ED
:10D7180006FB0EF1994208D91CEB030306F1FF380A
:10D7280014D2994212D9023E63445B1A46EA004178
:10D7380036E73946EDE6184602E7F045ADD2BEEBCE
:10D74800020366EB0C060138B146A6E74646ECE74D
:10D75800034698E74046D3E7D6467EE76444023856
:10D7680047E708460DE7023E63442DE708B5062063
:10D7780000F000F90120FAF75FFD0000024B0146B6
:10D78800186800F02DB800BF20000020024B0146A9
:10D79800186800F055B900BF2000002070B50F4E82
:10D7A8000C463168054611B900F000F93060214691
:10D7B800284600F0FBF8431C03D14FF0FF34204605
:10D7C80070BDC41C24F00304A042F8D0211A2846D6
:10D7D80000F0ECF80130F2D1EFE700BF2407002099
:10D7E8002DE9F843CD1C25F0030508350C2D38BF6D
:10D7F8000C25002D064601DBA94204D90C23336011
:10D808000020BDE8F883DFF8D48000F069F8D8F884
:10D8180000301C4644BB29463046FFF7BFFF431C77
:10D82800044658D1D8F800402746002F43D1002C91
:10D838004BD023683946304604EB030900F0B6F8AC
:10D84800814542D121686D1A29463046FFF7A6FF67
:10D8580001303AD023682B442360D8F800305A6846
:10D8680062BBC8F800700FE02268521B20D40B2A54
:10D8780017D96119A342256018BF5960636808BFAA
:10D88800C8F8001062514B60304600F02FF804F1E0
:10D898000B00231D20F00700C21A1CBF1B1AA3503F
:10D8A800AFE76268A3420CBFC8F800205A60EBE7F4
:10D8B80023466468AEE73C467F68B6E71A465B686D
:10D8C800A342FBD100235360DEE70C2333603046CC
:10D8D80000F00CF894E70560D6E700BF28070020A1
:10D8E800014800F09DB800BF68080020014800F01A
:10D8F80098B800BF6808002010B5044604481346CD
:10D9080020B10A4602202146AFF3008010BD00BFB7
:10D918000000000002440346934200D1704703F818
:10D92800011BF9E71F2938B505460C4604D916230B
:10D9380003604FF0FF3038BDC26B12B152F821308E
:10D948004BB9284600F030F8224601462846BDE883
:10D95800384000F017B8012B0AD0591C03D1162300
:10D9680003600120E7E7002142F824102046984789
:10D978000020E0E7024B01461868FFF7D3BF00BF5D
:10D988002000002038B5074D0023044608461146FC
:10D998002B60FAF741FC431C02D12B6803B12360CA
:10D9A80038BD00BF64080020FAF72EBC38B5064D14
:10D9B8000023044608462B60FAF74AFC431C02D1B0
:10D9C8002B6803B1236038BD64080020014B186838
:10D9D800704700BF2000002070B50D4D0D4C641B32
:10D9E800A4100026A64209D10B4D0C4C00F072F889
:10D9F800641BA4100026A64205D170BD55F8043B4F
:10DA080098470136EEE755F8043B98470136F2E7A8
:10DA180008E3000808E3000808E3000810E300082A
:10DA2800704770470A44914200F1FF3300D17047B4
:10DA380010B511F8014B03F8014F9142F9D110BD0F
:10DA480038B50546002941D051F8043C0C1F002B7D
:10DA5800B8BFE418FFF744FF1D4A136833B9636081
:10DA680014602846BDE83840FFF740BFA34208D9F4
:10DA7800206821188B4201BF19685B68091821606A
:10DA8800EDE71A465B680BB1A342FAD91168501842
:10DA9800A0420BD120680144501883421160E0D1A4
:10DAA80018685B68536008441060DAE702D90C23F1
:10DAB8002B60D6E7206821188B4204BF19685B6881
:10DAC800636004BF091821605460CAE738BD00BF0D
:10DAD80028070020F8B500BFF8BC08BC9E46704770
:0CDAE800F8B500BFF8BC08BC9E467047B3
:10DAF400443A2F73746D3332636F64652F435F70E0
:10DB0400726F6A6563742F447269766572732F53FA
:10DB1400544D3332463478785F48414C5F447269DF
:10DB24007665722F5372632F73746D333266347853
:10DB3400785F68616C5F63616E2E6300443A2F7393
:10DB4400746D3332636F64652F435F70726F6A65FF
:10DB540063742F447269766572732F53544D333254
:10DB6400463478785F48414C5F4472697665722F19
:10DB74005372632F73746D3332663478785F6861DF
:10DB84006C5F7263632E6300443A2F73746D333297
:10DB9400636F64652F435F70726F6A6563742F44AB
:10DBA4007269766572732F53544D333246347878E4
:10DBB4005F48414C5F4472697665722F5372632FDC
:10DBC40073746D3332663478785F68616C5F677044
:10DBD400696F2E6300000000443A2F73746D333272
:10DBE400636F64652F435F70726F6A6563742F445B
:10DBF4007269766572732F53544D33324634787894
:10DC04005F48414C5F4472697665722F5372632F8B
:10DC140073746D3332663478785F68616C5F646DF9
:10DC2400612E6300443A2F73746D3332636F6465FD
:10DC34002F435F70726F6A6563742F4472697665EF
:10DC440072732F53544D3332463478785F48414CC5
:10DC54005F4472697665722F5372632F73746D33E8
:10DC640032663478785F68616C5F636F727465786C
:10DC74002E630000443A2F73746D3332636F64650E
:10DC84002F435F70726F6A6563742F44726976659F
:10DC940072732F53544D3332463478785F48414C75
:10DCA4005F4472697665722F5372632F73746D3398
:10DCB40032663478785F68616C5F697764672E6375
:10DCC40000000000443A2F73746D3332636F64654F
:10DCD4002F435F70726F6A6563742F44726976654F
:10DCE40072732F53544D3332463478785F48414C25
:10DCF4005F4472697665722F5372632F73746D3348
:10DD040032663478785F68616C5F7370692E630083
:10DD1400443A2F73746D3332636F64652F435F70BD
:10DD2400726F6A6563742F447269766572732F53D8
:10DD3400544D3332463478785F48414C5F447269BD
:10DD44007665722F5372632F73746D333266347831
:10DD5400785F68616C5F74696D2E6300443A2F7359
:10DD6400746D3332636F64652F435F70726F6A65DD
:10DD740063742F447269766572732F53544D333232
:10DD8400463478785F48414C5F4472697665722FF7
:10DD94005372632F73746D3332663478785F6861BD
:10DDA4006C5F74696D5F65782E630000443A2F736D
:10DDB400746D3332636F64652F435F70726F6A658D
:10DDC40063742F447269766572732F53544D3332E2
:10DDD400463478785F48414C5F4472697665722FA7
:10DDE4005372632F73746D3332663478785F68616D
:10DDF4006C5F756172742E63000000000000803F48
:10DE04000000000000000000000000000000803F4F
:10DE14000000000000000000000000000000803F3F
:10DE240000000000000000000100000000000000ED
:10DE340001000000000C0801020000000000803F07
:10DE44000000000000000000000000000000803F0F
:10DE54000000000000000000000000000000803FFF
:10DE6400410340AC7D047C0096B21C4196B21C4137
:10DE740096B29C4000000000000000000102030470
:10DE8400060708090000000001020304000610163A
:10DE94000006101600000000000000000000000052
:10DEA400000000000000000000000000000000006E
:10DEB4006193000881930008000000000000000046
:10DEC4000592000825920008000000000100803F30
:10DED400C90CC0B7E565AABE435690BB3C695D3E1C
:10DEE400EBFCA9BC08B732BEE745093EA59204BDC8
:10DEF4000000000000000000B59B0008D99B00084A
:10DF04008DAD0008E10B6B3AE10BEB3AE10B6B3B97
:10DF1400E10BEB3B58A08B3A58A00B3A58A08B3935
:10DF240058A00B3958A08B3800000000000FC93FDF
:10DF3400000F494000CB9640000FC9400053FB40FE
:10DF440000CB164100ED2F41000F494100316241E1
:10DF540000537B41003A8A4100CB9641005CA341C7
:10DF640000EDAF41007EBC41000FC94100A0D54186
:10DF74000031E24100C2EE410053FB4100F2034292
:10DF8400003A0A420083104200CB164200141D429C
:10DF9400005C234200A5294200ED2F4200363642A0
:10DFA400007E3C4200C74242000F4942A2000000EA
:10DFB400F9000000830000006E0000004E00000025
:10DFC400440000001500000029000000FC000000CF
:10DFD4002700000057000000D1000000F5000000F9
:10DFE40034000000DD000000C0000000DB00000081
:10DFF4006200000095000000990000003C00000051
:10E00400430000009000000041000000FE000000FA
:10E014005100000063000000AB000000DE000000BF
:10E02400BB000000C500000061000000B700000054
:10E03400240000006E0000003A00000042000000CE
:10E044004D000000D2000000E000000006000000C7
:10E05400490000002E000000EA0000000900000052
:10E06400D1000000920000001C000000FE0000002F
:10E074001D000000EB0000001C000000B1000000C7
:10E0840029000000A70000003E000000E800000096
:10E094008200000035000000F50000002E000000A2
:10E0A400BB0000004400000084000000E900000000
:10E0B4009C0000007000000026000000B400000076
:10E0C4005F0000007E0000004100000039000000F5
:10E0D40091000000D6000000390000008300000019
:10E0E4005300000039000000F40000009C00000010
:10E0F400840000005F0000008B000000BD000000F1
:10E10400F9000000280000003B0000001F00000090
:10E11400F800000097000000FF000000DE0000008F
:10E1240005000000980000000F000000EF00000050
:10E134002F000000110000008B0000005A000000B6
:10E144000A0000006D0000001F0000006D000000C8
:10E15400360000007E000000CF0000002700000011
:10E16400CB00000009000000B70000004F000000D1
:10E17400460000003F000000660000009E00000012
:10E184005F000000EA0000002D00000075000000A0
:10E1940027000000BA000000C7000000EB000000E8
:10E1A400E5000000F10000007B0000003D000000DD
:10E1B4000700000039000000F70000008A0000009A
:10E1C4005200000092000000EA0000006B00000012
:10E1D400FB0000005F000000B10000001F00000011
:10E1E4008D0000005D0000000800000056000000E3
:10E1F400030000003000000046000000FC000000A6
:10E204007B0000006B000000AB000000F000000089
:10E21400CF000000BC000000200000009A000000B5
:10E22400F4000000360000001D000000A9000000FA
:10E23400E300000091000000610000005E000000A7
:10E24400E60000001B00000008000000650000005C
:10E2540099000000850000005F0000001400000029
:10E26400A000000068000000400000008D000000D5
:10E27400FF000000D8000000800000004D000000F6
:10E2840073000000270000003100000006000000B9
:10E29400060000001500000056000000CA0000003F
:10E2A40073000000A8000000C90000006000000026
:10E2B400E20000007B000000C00000008C000000B1
:10E2C4006B0000000000C93F0000F0390000DA379D
:10E2D4000000A2330000842E0000502B0000C2274F
:10E2E4000000D0220000C41F0000C61B0000441719
:0CE2F4000400000007000000090000000A
:08E30000B8F1FF7F01000000ED
:08E30800710B0008399D0008AB
:04E31000490B0008AD
:10E31400000000000024F4001000000001000000D0
:10E324005555555555555555000400000C98C63A99
:10E3340024000020000000002C0700209407002087
:10E34400FC070020000000000000000000000000A6
:10E3540000000000000000000000000000000000B9
:10E3640000000000000000000000000000000000A9
:10E374000000000000000000000000000000000099
:040000050800C52109
:00000001FF
